"","instance_id","node_id","network","composition","structure","condition","value_1","value_2","value_3","err_1","err_2","err_3","err_change_1","err_change_2","err_change_total","age","gender","ethnicity","health_vaccine_self","zip","state","confederate"
"1","374",48630,"374","aa","c","aa.c",8745,8573,7342,8710,8538,7307,-172,-1231,-1403,"22","woman","black","no","95472","CA","no"
"2","374",48739,"374","aa","c","aa.c",5000,8000,8004,4965,7965,7969,3000,4,3004,"33","woman","black","no","19977","DE","no"
"3","374",48506,"374","aa","c","aa.c",999,110,1500,964,75,1465,-889,1390,501,"18","man","black","no","30101","GA","no"
"4","374",48929,"374","aa","c","aa.c",500,6500,1080,465,6465,1045,6000,-5420,580,"48","man","black","no","70535","LA","no"
"5","374",49117,"374","aa","c","aa.c",5,8012,1080,-30,7977,1045,8007,-6932,1075,"29","woman","black","no","35204","AL","no"
"6","374",48928,"374","aa","c","aa.c",2300,6200,1080,2265,6165,1045,3900,-5120,-1220,"19","woman","black","no","75068","TX","no"
"7","374",47989,"374","aa","c","aa.c",150,700,1000,115,665,965,550,300,850,"31","man","black","no","94087","CA","no"
"8","374",48105,"374","aa","c","aa.c",200,280,284,165,245,249,80,4,84,"20","man","black","no","90805","CA","no"
"9","374",48008,"374","aa","c","aa.c",200,375,1080,165,340,1045,175,705,880,"58","woman","black","no","27855","NC","no"
"10","374",48723,"374","aa","c","aa.c",7000,7500,100,6965,7465,65,500,-7400,-6900,"22","woman","black","no","27127","NC","no"
"11","374",48715,"374","aa","c","aa.c",10,100,1080,-25,65,1045,90,980,1070,"31","man","black","no","78572","TX","no"
"12","374",48970,"374","aa","c","aa.c",4000,7500,7500,3965,7465,7465,3500,0,3500,"28","man","black","no","19019","PA","no"
"13","374",48946,"374","aa","c","aa.c",100,8000,1080,65,7965,1045,7900,-6920,980,"50","woman","black","no","89048","NV","no"
"14","374",48775,"374","aa","c","aa.c",50,30,30,15,-5,-5,-20,0,-20,"21","woman","black","no","27519","NC","no"
"15","374",48987,"374","aa","c","aa.c",1000,5000,100,965,4965,65,4000,-4900,-900,"31","woman","black","no","66102","KS","no"
"16","374",48559,"374","aa","c","aa.c",1,8000,1080,-34,7965,1045,7999,-6920,1079,"23","woman","black","no","60438","IL","no"
"17","374",49009,"374","aa","c","aa.c",15,356,1080,-20,321,1045,341,724,1065,"30","man","black","no","19145","PA","no"
"18","374",48646,"374","aa","c","aa.c",30,8000,1080,-5,7965,1045,7970,-6920,1050,"26","woman","black","no","77008","TX","no"
"19","374",47948,"374","aa","c","aa.c",5000,7000,NA,4965,6965,NA,2000,NA,NA,"24","man","black","no","32007","FL","no"
"20","374",48718,"374","aa","c","aa.c",3500,7400,7250,3465,7365,7215,3900,-150,3750,"29","man","black","no","48224","MI","no"
"21","374",48923,"374","aa","c","aa.c",8000,8000,1080,7965,7965,1045,0,-6920,-6920,"23","woman","black","no","92324","CA","no"
"22","374",48341,"374","aa","c","aa.c",20,20,66,-15,-15,31,0,46,46,"56","woman","black","no","31768","GA","no"
"23","374",48952,"374","aa","c","aa.c",1000,1500,1080,965,1465,1045,500,-420,80,"20","woman","black","no","23805","VA","no"
"24","374",48567,"374","aa","c","aa.c",500,NA,NA,465,NA,NA,NA,NA,NA,"20","man","black","no","38751","MS","no"
"25","374",48921,"374","aa","c","aa.c",1080,1080,3000,1045,1045,2965,0,1920,1920,"32","woman","black","no","43610","OH","no"
"26","374",49031,"374","aa","c","aa.c",3000,7000,7010,2965,6965,6975,4000,10,4010,"26","man","black","no","33125","FL","no"
"27","374",46650,"374","aa","c","aa.c",8012,8004,8020,7982,7974,7990,-8,16,8,NA,NA,NA,NA,NA,NA,"yes"
"28","411",55224,"411","aa","d","aa.d",1000,1290,449,965,1255,414,290,-841,-551,"39","woman","black","no","42223","KY","no"
"29","411",55794,"411","aa","d","aa.d",1000,9000,8000,965,8965,7965,8000,-1000,7000,"39","woman","black","no","19145","PA","no"
"30","411",55369,"411","aa","d","aa.d",5000,2985,3099,4965,2950,3064,-2015,114,-1901,"30","woman","black","no","32119","FL","no"
"31","411",55460,"411","aa","d","aa.d",1,1,1,-34,-34,-34,0,0,0,"32","woman","black","no","43610","OH","no"
"32","411",55524,"411","aa","d","aa.d",100,200,500,65,165,465,100,300,400,"28","man","black","no","60018","IL","no"
"33","411",55223,"411","aa","d","aa.d",8000,5000,6000,7965,4965,5965,-3000,1000,-2000,"28","man","black","no","57104","SD","no"
"34","411",57060,"411","aa","d","aa.d",4000,8000,4000,3965,7965,3965,4000,-4000,0,"42","woman","black","no","70114","LA","no"
"35","411",56833,"411","aa","d","aa.d",8355,2798,NA,8320,2763,NA,-5557,NA,NA,"38","woman","black","no","16510","PA","no"
"36","411",56455,"411","aa","d","aa.d",5000,4000,1000,4965,3965,965,-1000,-3000,-4000,"25","woman","black","no","23502","VA","no"
"37","411",57011,"411","aa","d","aa.d",20,1500,3500,-15,1465,3465,1480,2000,3480,"21","woman","black","no","29307","SC","no"
"38","411",55497,"411","aa","d","aa.d",100,2000,NA,65,1965,NA,1900,NA,NA,"41","woman","black","no","29153","SC","no"
"39","411",56921,"411","aa","d","aa.d",50,3600,111,15,3565,76,3550,-3489,61,"30","woman","black","no","0",NA,"no"
"40","411",55822,"411","aa","d","aa.d",1000,4000,4500,965,3965,4465,3000,500,3500,"28","woman","black","no","11003","NY","no"
"41","411",55364,"411","aa","d","aa.d",2000,2200,2000,1965,2165,1965,200,-200,0,"22","woman","black","no","34758","FL","no"
"42","411",55675,"411","aa","d","aa.d",7000,2000,3000,6965,1965,2965,-5000,1000,-4000,"29","man","black","no","15004","PA","no"
"43","411",55786,"411","aa","d","aa.d",1500,100,110,1465,65,75,-1400,10,-1390,"22","woman","black","no","11720","NY","no"
"44","411",57055,"411","aa","d","aa.d",8700,2020,3000,8665,1985,2965,-6680,980,-5700,"31","man","black","no","31078","GA","no"
"45","411",57039,"411","aa","d","aa.d",200,300,300,165,265,265,100,0,100,"23","man","black","no","23305",NA,"no"
"46","411",55362,"411","aa","d","aa.d",2000,1999,NA,1965,1964,NA,-1,NA,NA,"41","man","black","no","28269","NC","no"
"47","411",55473,"411","aa","d","aa.d",480,2450,1545,445,2415,1510,1970,-905,1065,"19","man","black","no","37130","TN","no"
"48","411",55568,"411","aa","d","aa.d",1599,1250,3150,1564,1215,3115,-349,1900,1551,"57","woman","black","no","32344","FL","no"
"49","411",57067,"411","aa","d","aa.d",NA,300,8000,NA,265,7965,NA,7700,NA,"33","woman","black","no","77017","TX","no"
"50","411",55475,"411","aa","d","aa.d",111,111,111,76,76,76,0,0,0,"38","woman","black","no","11356","NY","no"
"51","411",56805,"411","aa","d","aa.d",1080,5000,2500,1045,4965,2465,3920,-2500,1420,"58","woman","black","no","27855","NC","no"
"52","411",55948,"411","aa","d","aa.d",4000,3700,2500,3965,3665,2465,-300,-1200,-1500,"21","man","black","no","10001","NY","no"
"53","411",56609,"411","aa","d","aa.d",569,4000,5000,534,3965,4965,3431,1000,4431,NA,NA,"black","no",NA,NA,"no"
"54","411",57019,"411","aa","d","aa.d",53,NA,NA,18,NA,NA,NA,NA,NA,"34","man","black","no","31548","GA","no"
"55","411",55229,"411","aa","d","aa.d",500,4500,1020,465,4465,985,4000,-3480,520,"30","man","black","no","85001","AZ","no"
"56","411",55228,"411","aa","d","aa.d",3450,500,NA,3415,465,NA,-2950,NA,NA,"23","woman","black","no","29605","SC","no"
"57","411",56915,"411","aa","d","aa.d",4875,2875,3850,4840,2840,3815,-2000,975,-1025,"29","woman","black","no","76543","TX","no"
"58","411",55245,"411","aa","d","aa.d",5000,1000,500,4965,965,465,-4000,-500,-4500,"46","woman","black","no","39046","MS","no"
"59","411",55234,"411","aa","d","aa.d",8012,8001,8009,7982,7971,7979,-11,8,-3,NA,NA,NA,NA,NA,NA,"yes"
"60","412",53763,"412","aa","c","aa.c",2000,7243,7000,1965,7208,6965,5243,-243,5000,"29","woman","black","no","35160","AL","no"
"61","412",53269,"412","aa","c","aa.c",28,26,22,-7,-9,-13,-2,-4,-6,"25","woman","black","no","35806","AL","no"
"62","412",53298,"412","aa","c","aa.c",8000,8000,8000,7965,7965,7965,0,0,0,"32","man","black","no","29841","SC","no"
"63","412",53454,"412","aa","c","aa.c",1000,1000,1000,965,965,965,0,0,0,NA,NA,"black","no",NA,NA,"no"
"64","412",53585,"412","aa","c","aa.c",7000,7500,7500,6965,7465,7465,500,0,500,"21","woman","black","no","30135","GA","no"
"65","412",53587,"412","aa","c","aa.c",5000,NA,7015,4965,NA,6980,NA,NA,2015,"33","woman","black","no","27604","NC","no"
"66","412",53266,"412","aa","c","aa.c",20,55,55,-15,20,20,35,0,35,"21","man","black","no","8609","NJ","no"
"67","412",53364,"412","aa","c","aa.c",7500,7500,7500,7465,7465,7465,0,0,0,"22","man","black","no","48911","MI","no"
"68","412",53371,"412","aa","c","aa.c",3000,7700,7700,2965,7665,7665,4700,0,4700,"31","woman","black","no","37207","TN","no"
"69","412",53541,"412","aa","c","aa.c",21,47,8000,-14,12,7965,26,7953,7979,"21","other","black","no","21228","MD","no"
"70","412",53255,"412","aa","c","aa.c",100,100,100,65,65,65,0,0,0,"34","woman","black","no","8701","NJ","no"
"71","412",53439,"412","aa","c","aa.c",8030,8150,8159,7995,8115,8124,120,9,129,"18","man","black","no","89031","NV","no"
"72","412",53460,"412","aa","c","aa.c",200,200,200,165,165,165,0,0,0,"23","man","black","no","17102","PA","no"
"73","412",53292,"412","aa","c","aa.c",1575,1399,500,1540,1364,465,-176,-899,-1075,"50","woman","black","no","75231","TX","no"
"74","412",53279,"412","aa","c","aa.c",5000,5000,5500,4965,4965,5465,0,500,500,"24","man","black","no","63114","MO","no"
"75","412",53254,"412","aa","c","aa.c",8000,8000,8000,7965,7965,7965,0,0,0,"35","man","black","no","2210","MA","no"
"76","412",53636,"412","aa","c","aa.c",2300,2300,7367,2265,2265,7332,0,5067,5067,"26","woman","black","no","44053","OH","no"
"77","412",53294,"412","aa","c","aa.c",900,900,900,865,865,865,0,0,0,"25","man","black","no","11203","NY","no"
"78","412",53604,"412","aa","c","aa.c",35,35,35,0,0,0,0,0,0,"30","man","black","no","31415","GA","no"
"79","412",53282,"412","aa","c","aa.c",5000,7981,8000,4965,7946,7965,2981,19,3000,"29","man","black","no","15004","PA","no"
"80","412",53501,"412","aa","c","aa.c",500,7981,8500,465,7946,8465,7481,519,8000,"26","woman","black","no","38106","TN","no"
"81","412",53293,"412","aa","c","aa.c",3930,3930,3930,3895,3895,3895,0,0,0,"30","man","black","no","37354","TN","no"
"82","412",53609,"412","aa","c","aa.c",61,601,170,26,566,135,540,-431,109,"25","woman","black","no","33178","FL","no"
"83","412",53464,"412","aa","c","aa.c",4050,5597,6305,4015,5562,6270,1547,708,2255,"25","woman","black","no","27526","NC","no"
"84","412",53260,"412","aa","c","aa.c",750,7000,7000,715,6965,6965,6250,0,6250,"51","man","black","no","2210","MA","no"
"85","412",53592,"412","aa","c","aa.c",9000,8850,6099,8965,8815,6064,-150,-2751,-2901,"64","woman","black","no","60636","IL","no"
"86","412",53295,"412","aa","c","aa.c",35,NA,NA,0,NA,NA,NA,NA,NA,"19","man","black","no","32065","FL","no"
"87","412",53661,"412","aa","c","aa.c",7981,7995,8022,7951,7965,7992,14,27,41,NA,NA,NA,NA,NA,NA,"yes"
"88","454",84886,"454","aa","d","aa.d",8000,1500,2500,7965,1465,2465,-6500,1000,-5500,"30","woman","black","no","32119","FL","no"
"89","454",83404,"454","aa","d","aa.d",50,60,100,15,25,65,10,40,50,"21","man","black","no","94553","CA","no"
"90","454",83028,"454","aa","d","aa.d",100,1500,1000,65,1465,965,1400,-500,900,"23","woman","black","no","30253","GA","no"
"91","454",83845,"454","aa","d","aa.d",2300,650,1050,2265,615,1015,-1650,400,-1250,"27","man","black","no","90018","CA","no"
"92","454",84757,"454","aa","d","aa.d",1000,1000,1000,965,965,965,0,0,0,"44","man","black","no","29229","SC","no"
"93","454",83601,"454","aa","d","aa.d",1,1900,1000,-34,1865,965,1899,-900,999,"20","woman","black","no","75234","TX","no"
"94","454",84223,"454","aa","d","aa.d",100,535,50,65,500,15,435,-485,-50,"34","woman","black","no","72390","AR","no"
"95","454",84905,"454","aa","d","aa.d",200,3000,3000,165,2965,2965,2800,0,2800,"19","woman","black","no","29204","SC","no"
"96","454",84904,"454","aa","d","aa.d",5000,NA,NA,4965,NA,NA,NA,NA,NA,"33","woman","black","no","27604","NC","no"
"97","454",83632,"454","aa","d","aa.d",10,200,1100,-25,165,1065,190,900,1090,"37","woman","black","no","19901","DE","no"
"98","454",84701,"454","aa","d","aa.d",1000,3000,900,965,2965,865,2000,-2100,-100,"34","man","black","no","38125","TN","no"
"99","454",82595,"454","aa","d","aa.d",500,630,630,465,595,595,130,0,130,"41","woman","black","no","27330","NC","no"
"100","454",82529,"454","aa","d","aa.d",9000,500,1000,8965,465,965,-8500,500,-8000,"20","woman","black","no","20785","MD","no"
"101","454",83038,"454","aa","d","aa.d",5,10,200,-30,-25,165,5,190,195,"50","man","black","no","60406","IL","no"
"102","454",84852,"454","aa","d","aa.d",2000,2000,2000,1965,1965,1965,0,0,0,"23","man","black","no","10013","NY","no"
"103","454",83671,"454","aa","d","aa.d",2500,2500,2500,2465,2465,2465,0,0,0,"31","man","black","no","90014","CA","no"
"104","454",83232,"454","aa","d","aa.d",40,100,100,5,65,65,60,0,60,"32","woman","black","no","13323","NY","no"
"105","454",84758,"454","aa","d","aa.d",500,500,600,465,465,565,0,100,100,"36","man","black","no","79413","TX","no"
"106","454",84338,"454","aa","d","aa.d",1000,1887,1000,965,1852,965,887,-887,0,"19","man","black","no","44146","OH","no"
"107","454",84808,"454","aa","d","aa.d",2000,500,1181,1965,465,1146,-1500,681,-819,"27","woman","black","no","10015","NY","no"
"108","454",84798,"454","aa","d","aa.d",3000,3000,3000,2965,2965,2965,0,0,0,"22","man","black","no","10001","NY","no"
"109","454",84895,"454","aa","d","aa.d",1000,240,100,965,205,65,-760,-140,-900,"28","woman","black","no","85747","AZ","no"
"110","454",84748,"454","aa","d","aa.d",30,60,60,-5,25,25,30,0,30,"26","woman","black","no","77099","TX","no"
"111","454",83532,"454","aa","d","aa.d",6000,1250,685,5965,1215,650,-4750,-565,-5315,"37","man","black","no","30294","GA","no"
"112","454",83573,"454","aa","d","aa.d",4000,500,1000,3965,465,965,-3500,500,-3000,"29","man","black","no","20851","MD","no"
"113","454",84844,"454","aa","d","aa.d",8000,8000,8000,7970,7970,7970,0,0,0,NA,NA,NA,NA,NA,NA,"yes"
"114","455",84777,"455","m","d","m.d",1000,1000,250,965,965,215,0,-750,-750,"66","woman","black","yes","92114","CA","no"
"115","455",84608,"455","m","d","m.d",100,550,50,65,515,15,450,-500,-50,"39","woman","white/caucasian","no","45629","OH","no"
"116","455",82280,"455","m","d","m.d",2,200,1000,-33,165,965,198,800,998,"44","woman","white/caucasian","no","37327","TN","no"
"117","455",82169,"455","m","d","m.d",NA,NA,500,NA,NA,465,NA,NA,NA,"23","man","white/caucasian","no","6614","CT","no"
"118","455",84577,"455","m","d","m.d",4500,1335,1335,4465,1300,1300,-3165,0,-3165,"38","man","white/caucasian","no","34957","FL","no"
"119","455",76425,"455","m","d","m.d",3000,3000,150,2965,2965,115,0,-2850,-2850,"22","man","black","yes","30303","GA","no"
"120","455",76929,"455","m","d","m.d",657,25,200,622,-10,165,-632,175,-457,"22","other","black","yes","48185","MI","no"
"121","455",84680,"455","m","d","m.d",6300,4150,3700,6265,4115,3665,-2150,-450,-2600,"36","man","white/caucasian","no","33484","FL","no"
"122","455",75500,"455","m","d","m.d",20,210,110,-15,175,75,190,-100,90,"52","woman","white","yes","94611","CA","no"
"123","455",76388,"455","m","d","m.d",2,2,2100,-33,-33,2065,0,2098,2098,"68","man","white","yes","94103","CA","no"
"124","455",84896,"455","m","d","m.d",200,200,200,165,165,165,0,0,0,"27","man","black","yes","52402","IA","no"
"125","455",80028,"455","m","d","m.d",NA,11,111,NA,-24,76,NA,100,NA,"26","man","white","yes","90011","CA","no"
"126","455",73430,"455","m","d","m.d",3000,3160,11,2965,3125,-24,160,-3149,-2989,"29","man","white","yes","32099","FL","no"
"127","455",80026,"455","m","d","m.d",7800,1600,1000,7765,1565,965,-6200,-600,-6800,"26","man","asian","no","19099","PA","no"
"128","455",84805,"455","m","d","m.d",1,50,100,-34,15,65,49,50,99,"25","man","black","yes","90011","CA","no"
"129","455",73446,"455","m","d","m.d",NA,3900,1000,NA,3865,965,NA,-2900,NA,"31","man","white","no","90027","CA","no"
"130","455",72996,"455","m","d","m.d",100,110,110,65,75,75,10,0,10,"21","man","black","yes","27606","NC","no"
"131","455",84642,"455","m","d","m.d",60,110,110,25,75,75,50,0,50,"61","woman","white/caucasian","no","44121","OH","no"
"132","455",73000,"455","m","d","m.d",500,1,50,465,-34,15,-499,49,-450,"29","woman","black","yes","39051","MS","no"
"133","455",73461,"455","m","d","m.d",1,1,1,-34,-34,-34,0,0,0,"49","man","white","yes","30033","GA","no"
"134","455",85923,"455","m","d","m.d",240,NA,NA,205,NA,NA,NA,NA,NA,"20","man","white","yes","51250","IA","no"
"135","455",76878,"455","m","d","m.d",2250,3900,21,2215,3865,-14,1650,-3879,-2229,"24","man","black","yes","46407","IN","no"
"136","455",85956,"455","m","d","m.d",8000,8000,8000,7970,7970,7970,0,0,0,NA,NA,NA,NA,NA,NA,"yes"
"137","456",84072,"456","m","d","m.d",5,2,8,-30,-33,-27,-3,6,3,"41","woman","asian","yes","7071","NJ","no"
"138","456",83885,"456","m","d","m.d",1,1,30,-34,-34,-5,0,29,29,"37","woman","asian","yes","30033","GA","no"
"139","456",83049,"456","m","d","m.d",200,200,1000,165,165,965,0,800,800,"50","woman","black","yes","74107","OK","no"
"140","456",84315,"456","m","d","m.d",1000,342,NA,965,307,NA,-658,NA,NA,"29","man","black","yes","32835","FL","no"
"141","456",84712,"456","m","d","m.d",6000,2000,200,5965,1965,165,-4000,-1800,-5800,"31","man","black","yes","35213","AL","no"
"142","456",82958,"456","m","d","m.d",350,1750,1250,315,1715,1215,1400,-500,900,"23","woman","black","yes","20744","MD","no"
"143","456",82939,"456","m","d","m.d",1000,1000,500,965,965,465,0,-500,-500,"31","man","black","yes","93737","CA","no"
"144","456",84331,"456","m","d","m.d",4000,50,60,3965,15,25,-3950,10,-3940,"30","man","black","yes","10001","NY","no"
"145","456",84170,"456","m","d","m.d",50,800,800,15,765,765,750,0,750,"30","man","white","yes","17109","PA","no"
"146","456",82959,"456","m","d","m.d",111,56,50,76,21,15,-55,-6,-61,"22","woman","black","yes","43062","OH","no"
"147","456",84560,"456","m","d","m.d",8000,5000,500,7965,4965,465,-3000,-4500,-7500,"30","man","white","no","19019","PA","no"
"148","456",83081,"456","m","d","m.d",1000,960,560,965,925,525,-40,-400,-440,"18","woman","black","yes","20059","DC","no"
"149","456",84186,"456","m","d","m.d",1000,1000,200,965,965,165,0,-800,-800,"28","man","black","yes","10002","NY","no"
"150","456",82948,"456","m","d","m.d",10,500,500,-25,465,465,490,0,490,"33","woman","black","yes","21740","MD","no"
"151","456",76862,"456","m","d","m.d",20,20,20,-15,-15,-15,0,0,0,"35","woman","white","yes","61073","IL","no"
"152","456",84437,"456","m","d","m.d",34,310,497,-1,275,462,276,187,463,"24","man","black","yes","70535","LA","no"
"153","456",82832,"456","m","d","m.d",1000,1000,1000,965,965,965,0,0,0,"53","man","black","yes","94503","CA","no"
"154","456",83932,"456","m","d","m.d",110,110,110,75,75,75,0,0,0,"34","man","asian","no","94123","CA","no"
"155","456",76830,"456","m","d","m.d",90,250,NA,55,215,NA,160,NA,NA,"20","woman","asian","yes","27516","NC","no"
"156","456",82914,"456","m","d","m.d",2400,789,105,2365,754,70,-1611,-684,-2295,"37","man","black","yes","21221","MD","no"
"157","456",84490,"456","m","d","m.d",5,100,100,-30,65,65,95,0,95,"28","man","white","yes","19122","PA","no"
"158","456",84036,"456","m","d","m.d",1000,2000,9000,965,1965,8965,1000,7000,8000,"32","woman","white","no","37055","TN","no"
"159","456",84026,"456","m","d","m.d",1,2500,1500,-34,2465,1465,2499,-1000,1499,"42","woman","white","no","46614","IN","no"
"160","456",82640,"456","m","d","m.d",6,21,121,-29,-14,86,15,100,115,"30","woman","black","yes","21144","MD","no"
"161","456",84208,"456","m","d","m.d",80,80,80,45,45,45,0,0,0,"32","woman","white","yes","60193","IL","no"
"162","456",86148,"456","m","d","m.d",8000,8000,8000,7970,7970,7970,0,0,0,NA,NA,NA,NA,NA,NA,"yes"
"163","467",82884,"467","m","c","m.c",20,7000,8100,-15,6965,8065,6980,1100,8080,"20","woman","black","yes","20602","MD","no"
"164","467",82926,"467","m","c","m.c",10,10,10,-25,-25,-25,0,0,0,"31","man","black","yes","11104","NY","no"
"165","467",82987,"467","m","c","m.c",5,8000,8000,-30,7965,7965,7995,0,7995,"22","woman","black","yes","37210","TN","no"
"166","467",84550,"467","m","c","m.c",5000,9500,8000,4965,9465,7965,4500,-1500,3000,"35","man","white","no","90027","CA","no"
"167","467",83866,"467","m","c","m.c",20,20,20,-15,-15,-15,0,0,0,"60","man","white","no","19147","PA","no"
"168","467",83053,"467","m","c","m.c",19,5000,6000,-16,4965,5965,4981,1000,5981,"31","man","black","yes","30345","GA","no"
"169","467",83799,"467","m","c","m.c",1100,980,9999,1065,945,9964,-120,9019,8899,"37","woman","hispanic","no","95355","CA","no"
"170","467",82877,"467","m","c","m.c",0,600,600,-35,565,565,600,0,600,"32","woman","black","yes","93535","CA","no"
"171","467",84519,"467","m","c","m.c",6500,6750,9000,6465,6715,8965,250,2250,2500,"41","man","asian","yes","18505","PA","no"
"172","467",84417,"467","m","c","m.c",3,100,100,-32,65,65,97,0,97,"18","woman","black","yes","20708","MD","no"
"173","467",83504,"467","m","c","m.c",29,29,29,-6,-6,-6,0,0,0,"26","man","white","no","15044","PA","no"
"174","467",82762,"467","m","c","m.c",1000,3000,3000,965,2965,2965,2000,0,2000,"34","woman","black","yes","90804","CA","no"
"175","467",76790,"467","m","c","m.c",100,5000,5000,65,4965,4965,4900,0,4900,"23","woman","white","no","87544","NM","no"
"176","467",84232,"467","m","c","m.c",21,21,2400,-14,-14,2365,0,2379,2379,"60","woman","white","yes","64068","MO","no"
"177","467",76849,"467","m","c","m.c",3000,6000,6000,2965,5965,5965,3000,0,3000,"29","woman","white","no","29654","SC","no"
"178","467",84535,"467","m","c","m.c",150,NA,NA,115,NA,NA,NA,NA,NA,"38","woman","white","yes","8021","NJ","no"
"179","467",84225,"467","m","c","m.c",1000,1000,1000,965,965,965,0,0,0,"37","man","white","yes","49242","MI","no"
"180","467",82617,"467","m","c","m.c",566,8000,1000,531,7965,965,7434,-7000,434,"32","man","black","yes","92154","CA","no"
"181","467",84226,"467","m","c","m.c",150,250,NA,115,215,NA,100,NA,NA,"30","woman","white","yes","19403","PA","no"
"182","467",84504,"467","m","c","m.c",500,1000,20,465,965,-15,500,-980,-480,"38","woman","white","no","59404","MT","no"
"183","467",84198,"467","m","c","m.c",10,5,5,-25,-30,-30,-5,0,-5,"50","woman","white","yes","53105","WI","no"
"184","467",82743,"467","m","c","m.c",2000,8000,6500,1965,7965,6465,6000,-1500,4500,"18","woman","black","yes","39191","MS","no"
"185","467",84551,"467","m","c","m.c",3000,9000,8000,2965,8965,7965,6000,-1000,5000,"35","man","white","no","90027","CA","no"
"186","467",86170,"467","m","c","m.c",8000,8000,8000,7970,7970,7970,0,0,0,NA,NA,NA,NA,NA,NA,"yes"
"187","479",88787,"479","aa","c","aa.c",500,1000,1000,465,965,965,500,0,500,"34","woman","black","no","28312","NC","no"
"188","479",85911,"479","aa","c","aa.c",110,110,110,75,75,75,0,0,0,"22","man","black","no","10001","NY","no"
"189","479",88165,"479","aa","c","aa.c",5000,7000,6000,4965,6965,5965,2000,-1000,1000,"19","woman","black","no","29605","SC","no"
"190","479",86266,"479","aa","c","aa.c",500,500,500,465,465,465,0,0,0,"28","man","black","no","93737","CA","no"
"191","479",86308,"479","aa","c","aa.c",30,30,30,-5,-5,-5,0,0,0,"26","man","black","no","10453","NY","no"
"192","479",86302,"479","aa","c","aa.c",1000,6000,6500,965,5965,6465,5000,500,5500,"30","man","black","no","10277","NY","no"
"193","479",86343,"479","aa","c","aa.c",110,110,110,75,75,75,0,0,0,"24","man","black","no","10001","NY","no"
"194","479",86311,"479","aa","c","aa.c",200,300,500,165,265,465,100,200,300,"25","man","black","no","10001","NY","no"
"195","479",86306,"479","aa","c","aa.c",1700,6000,8000,1665,5965,7965,4300,2000,6300,"38","woman","black","no","23669","VA","no"
"196","479",86264,"479","aa","c","aa.c",1500,1500,1500,1465,1465,1465,0,0,0,"31","man","black","no","93737","CA","no"
"197","479",86303,"479","aa","c","aa.c",9999,8000,400,9964,7965,365,-1999,-7600,-9599,"19","woman","black","no","35214","AL","no"
"198","479",86862,"479","aa","c","aa.c",3000,7000,5000,2965,6965,4965,4000,-2000,2000,"43","woman","black","no","32247","FL","no"
"199","479",88815,"479","aa","c","aa.c",1000,8000,5000,965,7965,4965,7000,-3000,4000,"40","woman","black","no","23601","VA","no"
"200","479",88781,"479","aa","c","aa.c",5000,7000,6500,4965,6965,6465,2000,-500,1500,"40","woman","black","no","77077","TX","no"
"201","479",85949,"479","aa","c","aa.c",5000,7500,7500,4965,7465,7465,2500,0,2500,"21","woman","black","no","23060","VA","no"
"202","479",86313,"479","aa","c","aa.c",20,50,110,-15,15,75,30,60,90,"26","woman","black","no","77099","TX","no"
"203","479",86309,"479","aa","c","aa.c",4000,4000,4000,3965,3965,3965,0,0,0,"26","man","black","no","10453","NY","no"
"204","479",88707,"479","aa","c","aa.c",3,111,111,-32,76,76,108,0,108,"30","woman","black","no","23703","VA","no"
"205","479",88803,"479","aa","c","aa.c",59,29,20,24,-6,-15,-30,-9,-39,"48","woman","black","no","71446","LA","no"
"206","479",87641,"479","aa","c","aa.c",1000,1000,1000,965,965,965,0,0,0,"29","man","black","no","90003","CA","no"
"207","479",86310,"479","aa","c","aa.c",5000,8700,8000,4965,8665,7965,3700,-700,3000,"31","man","black","no","31078","GA","no"
"208","479",88811,"479","aa","c","aa.c",8000,8000,8000,7970,7970,7970,0,0,0,NA,NA,NA,NA,NA,NA,"yes"
"209","481",88763,"481","m","d","m.d",9999,200,3,9964,165,-32,-9799,-197,-9996,"29","man","asian","yes","45069","OH","no"
"210","481",88318,"481","m","d","m.d",10,1500,150,-25,1465,115,1490,-1350,140,"18","man","asian","yes","2215","MA","no"
"211","481",83679,"481","m","d","m.d",8900,4000,1055,8865,3965,1020,-4900,-2945,-7845,"35","man","pacific_islander","no","19019","PA","no"
"212","481",86192,"481","m","d","m.d",5000,1500,7500,4965,1465,7465,-3500,6000,2500,"25","man","white","yes","35242","AL","no"
"213","481",88370,"481","m","d","m.d",1000,2500,3000,965,2465,2965,1500,500,2000,"56","woman","white","no","17701","PA","no"
"214","481",87568,"481","m","d","m.d",7,10,110,-28,-25,75,3,100,103,"31","other","white/caucasian","no","93003","CA","no"
"215","481",87534,"481","m","d","m.d",1500,1500,1500,1465,1465,1465,0,0,0,"27","woman","white/caucasian","no","73505","OK","no"
"216","481",87586,"481","m","d","m.d",2,110,45,-33,75,10,108,-65,43,"29","man","white/caucasian","no","99301","WA","no"
"217","481",88266,"481","m","d","m.d",50,NA,50,15,NA,15,NA,NA,0,"41","woman","asian","yes","75063","TX","no"
"218","481",88669,"481","m","d","m.d",10,20,22,-25,-15,-13,10,2,12,"27","man","white/caucasian","no","31763","GA","no"
"219","481",86022,"481","m","d","m.d",3000,2000,2500,2965,1965,2465,-1000,500,-500,"35","man","white","yes","15005","PA","no"
"220","481",88798,"481","m","d","m.d",110,110,110,75,75,75,0,0,0,"25","woman","black","yes","10036","NY","no"
"221","481",84541,"481","m","d","m.d",9000,5000,5000,8965,4965,4965,-4000,0,-4000,"45","man","pacific_islander","no","94402","CA","no"
"222","481",88236,"481","m","d","m.d",10,200,100,-25,165,65,190,-100,90,"40","man","white","no","62924","IL","no"
"223","481",87585,"481","m","d","m.d",150,100,100,115,65,65,-50,0,-50,"21","woman","white/caucasian","no","19010","PA","no"
"224","481",88670,"481","m","d","m.d",2,2,2,-33,-33,-33,0,0,0,"57","man","white/caucasian","no","15108","PA","no"
"225","481",88180,"481","m","d","m.d",4000,4000,4000,3965,3965,3965,0,0,0,"25","man","white","no","60607","IL","no"
"226","481",88780,"481","m","d","m.d",100,100,200,65,65,165,0,100,100,"60","woman","black","yes","23435","VA","no"
"227","481",87566,"481","m","d","m.d",10,10,NA,-25,-25,NA,0,NA,NA,"27","woman","white/caucasian","no","2724","MA","no"
"228","481",86178,"481","m","d","m.d",1057,0,2500,1022,-35,2465,-1057,2500,1443,"31","man","black","yes","90056","CA","no"
"229","481",88720,"481","m","d","m.d",4500,4500,2400,4465,4465,2365,0,-2100,-2100,"18","woman","black","yes","60620","IL","no"
"230","481",88696,"481","m","d","m.d",5000,2750,2500,4965,2715,2465,-2250,-250,-2500,"20","woman","black","yes","11236","NY","no"
"231","481",87582,"481","m","d","m.d",350,7,7,315,-28,-28,-343,0,-343,"27","woman","white/caucasian","no","70380","LA","no"
"232","481",88267,"481","m","d","m.d",200,NA,NA,165,NA,NA,NA,NA,NA,"43","woman","asian","yes","18045","PA","no"
"233","481",86301,"481","m","d","m.d",8000,8000,8000,7970,7970,7970,0,0,0,NA,NA,NA,NA,NA,NA,"yes"
"234","482",76844,"482","m","d","m.d",100,100,100,65,65,65,0,0,0,"52","woman","white","yes","18049","PA","no"
"235","482",84607,"482","m","d","m.d",1000,600,40,965,565,5,-400,-560,-960,"44","man","hispanic/latino","yes","90301","CA","no"
"236","482",88761,"482","m","d","m.d",110,110,110,75,75,75,0,0,0,"32","woman","white","yes","20650","MD","no"
"237","482",76859,"482","m","d","m.d",10,30,60,-25,-5,25,20,30,50,"24","man","white","yes","94070","CA","no"
"238","482",91545,"482","m","d","m.d",2000,1100,1000,1965,1065,965,-900,-100,-1000,"21","woman","black white","no","46260","IN","no"
"239","482",83921,"482","m","d","m.d",1000,2000,100,965,1965,65,1000,-1900,-900,"38","woman","white","yes","36832","AL","no"
"240","482",84266,"482","m","d","m.d",111,1111,110,76,1076,75,1000,-1001,-1,"20","man","pacific_islander","yes","10536","NY","no"
"241","482",90143,"482","m","d","m.d",700,800,110,665,765,75,100,-690,-590,"28","man","white","no","11010","NY","no"
"242","482",88396,"482","m","d","m.d",1,1,110,-34,-34,75,0,109,109,"35","woman","white","yes","98021","WA","no"
"243","482",84633,"482","m","d","m.d",10,7,70,-25,-28,35,-3,63,60,"42","woman","white/caucasian","yes","40220","KY","no"
"244","482",76792,"482","m","d","m.d",5,1,1,-30,-34,-34,-4,0,-4,"22","man","white","yes","99504","AK","no"
"245","482",84636,"482","m","d","m.d",25,50,110,-10,15,75,25,60,85,"42","man","white/caucasian","yes","55337","MN","no"
"246","482",83874,"482","m","d","m.d",25,210,120,-10,175,85,185,-90,95,"51","man","white","yes","11967","NY","no"
"247","482",84476,"482","m","d","m.d",10,40,300,-25,5,265,30,260,290,"27","woman","hispanic","yes","85035","AZ","no"
"248","482",91627,"482","m","d","m.d",100,250,110,65,215,75,150,-140,10,"23","man","asian","yes","94804","CA","no"
"249","482",91543,"482","m","d","m.d",3500,3200,2499,3465,3165,2464,-300,-701,-1001,"38","man","white","no","70560","LA","no"
"250","482",88110,"482","m","d","m.d",20,200,200,-15,165,165,180,0,180,"38","woman","black","yes","23223","VA","no"
"251","482",91584,"482","m","d","m.d",3,3,150,-32,-32,115,0,147,147,"36","man","asian","yes","5301","VT","no"
"252","482",76846,"482","m","d","m.d",4500,2600,900,4465,2565,865,-1900,-1700,-3600,"58","woman","white","yes","77573","TX","no"
"253","482",83879,"482","m","d","m.d",100,120,120,65,85,85,20,0,20,"33","man","white","yes","21713","MD","no"
"254","482",83807,"482","m","d","m.d",500,500,300,465,465,265,0,-200,-200,"54","man","white","yes","10707","NY","no"
"255","482",84179,"482","m","d","m.d",1000,1000,1000,965,965,965,0,0,0,"29","woman","asian black hispanic white","yes","15237","PA","no"
"256","482",88436,"482","m","d","m.d",1,3,11,-34,-32,-24,2,8,10,"46","woman","white","yes","80022","CO","no"
"257","482",87773,"482","m","d","m.d",5000,2452,110,4965,2417,75,-2548,-2342,-4890,"29","man","black","yes","8721","NJ","no"
"258","482",87816,"482","m","d","m.d",220,230,230,185,195,195,10,0,10,"22","woman","black","yes","95757","CA","no"
"259","482",90214,"482","m","d","m.d",10,10,10,-25,-25,-25,0,0,0,"39","woman","native_american hispanic","no","53095","WI","no"
"260","482",90218,"482","m","d","m.d",5000,1155,1155,4965,1120,1120,-3845,0,-3845,"25","man","black","yes","10001","NY","no"
"261","482",90157,"482","m","d","m.d",8000,8000,8000,7970,7970,7970,0,0,0,NA,NA,NA,NA,NA,NA,"yes"
"262","483",83901,"483","m","d","m.d",20,20,20,-15,-15,-15,0,0,0,"36","woman","white","yes","6001","CT","no"
"263","483",84634,"483","m","d","m.d",5000,2009,2523,4965,1974,2488,-2991,514,-2477,"29","man","white/caucasian","yes","22043","VA","no"
"264","483",88184,"483","m","d","m.d",2348,57,143,2313,22,108,-2291,86,-2205,"18","woman","native_american black","no","30127","GA","no"
"265","483",90219,"483","m","d","m.d",110,110,110,75,75,75,0,0,0,"22","man","hispanic","no","10011","NY","no"
"266","483",76811,"483","m","d","m.d",327,327,527,292,292,492,0,200,200,"44","man","white","yes","34232","FL","no"
"267","483",88424,"483","m","d","m.d",2000,2000,14,1965,1965,-21,0,-1986,-1986,"32","woman","white","yes","49643","MI","no"
"268","483",90220,"483","m","d","m.d",235,1294,245,200,1259,210,1059,-1049,10,"27","man","black","yes","10002","NY","no"
"269","483",84576,"483","m","d","m.d",1000,1263,250,965,1228,215,263,-1013,-750,"38","man","black/african american,white/caucasian","yes","53215","WI","no"
"270","483",83816,"483","m","d","m.d",100,2000,1000,65,1965,965,1900,-1000,900,"43","woman","white","yes","92705","CA","no"
"271","483",91763,"483","m","d","m.d",20,500,525,-15,465,490,480,25,505,"50","woman","white","no","19317","PA","no"
"272","483",88404,"483","m","d","m.d",2000,NA,NA,1965,NA,NA,NA,NA,NA,"34","man","white","yes","15217","PA","no"
"273","483",90207,"483","m","d","m.d",7,110,110,-28,75,75,103,0,103,"29","man","white/caucasian","no","98686","WA","no"
"274","483",88668,"483","m","d","m.d",75,70,100,40,35,65,-5,30,25,"40","woman","asian,white/caucasian","yes","28804","NC","no"
"275","483",88410,"483","m","d","m.d",50,50,50,15,15,15,0,0,0,"69","woman","white","yes","48910","MI","no"
"276","483",91209,"483","m","d","m.d",21,21,21,-14,-14,-14,0,0,0,"33","woman","white/caucasian","no","58078","ND","no"
"277","483",83830,"483","m","d","m.d",100,200,200,65,165,165,100,0,100,"19","other","white","yes","19041","PA","no"
"278","483",84000,"483","m","d","m.d",4,150,150,-31,115,115,146,0,146,"40","woman","white","yes","44903","OH","no"
"279","483",87960,"483","m","d","m.d",100,895,600,65,860,565,795,-295,500,"32","woman","black","yes","23456","VA","no"
"280","483",83821,"483","m","d","m.d",1000,1000,1000,965,965,965,0,0,0,"67","man","white","yes","12962","NY","no"
"281","483",76832,"483","m","d","m.d",300,300,300,265,265,265,0,0,0,"40","woman","white","yes","75605","TX","no"
"282","483",83923,"483","m","d","m.d",1,100,500,-34,65,465,99,400,499,"49","woman","white","yes","7853","NJ","no"
"283","483",90224,"483","m","d","m.d",100,150,150,65,115,115,50,0,50,"27","woman","asian","yes","6511","CT","no"
"284","483",87805,"483","m","d","m.d",5000,500,2000,4965,465,1965,-4500,1500,-3000,"20","woman","black","yes","32256","FL","no"
"285","483",87751,"483","m","d","m.d",10,2000,1000,-25,1965,965,1990,-1000,990,"18","woman","black","yes","98105","WA","no"
"286","483",90221,"483","m","d","m.d",200,110,110,165,75,75,-90,0,-90,"20","man","black","yes","10003","NY","no"
"287","483",90206,"483","m","d","m.d",8000,8000,8000,7970,7970,7970,0,0,0,NA,NA,NA,NA,NA,NA,"yes"
"288","492",92078,"492","m","d","m.d",800,1000,2500,765,965,2465,200,1500,1700,"30","man","black","yes","90017","CA","no"
"289","492",91869,"492","m","d","m.d",1000,100,1000,965,65,965,-900,900,0,"53","woman","black","yes","98368","WA","no"
"290","492",76825,"492","m","d","m.d",3,20,20,-32,-15,-15,17,0,17,"32","other","native_american","yes","19107","PA","no"
"291","492",88373,"492","m","d","m.d",5200,2550,100,5165,2515,65,-2650,-2450,-5100,"39","man","black","yes","60660","IL","no"
"292","492",91867,"492","m","d","m.d",1000,2000,4000,965,1965,3965,1000,2000,3000,"26","woman","black","yes","90065","CA","no"
"293","492",88473,"492","m","d","m.d",2000,1500,2500,1965,1465,2465,-500,1000,500,"34","man","black","yes","77049","TX","no"
"294","492",94265,"492","m","d","m.d",1000,500,1000,965,465,965,-500,500,0,"30","man","white","yes","30047","GA","no"
"295","492",94735,"492","m","d","m.d",1000,3333,9999,965,3298,9964,2333,6666,8999,"43","woman","white","no","78725","TX","no"
"296","492",91972,"492","m","d","m.d",1467,1467,1467,1432,1432,1432,0,0,0,"24","man","white","yes","75024","TX","no"
"297","492",91940,"492","m","d","m.d",5000,800,1000,4965,765,965,-4200,200,-4000,"25","man","black","yes","35242","AL","no"
"298","492",83996,"492","m","d","m.d",10,NA,10,-25,NA,-25,NA,NA,0,"45","woman","native_american","yes","76904","TX","no"
"299","492",91950,"492","m","d","m.d",60,60,60,25,25,25,0,0,0,"32","man","native_american","no","90001","CA","no"
"300","492",84189,"492","m","d","m.d",1,1,400,-34,-34,365,0,399,399,"54","woman","hispanic white","yes","98257","WA","no"
"301","492",94903,"492","m","d","m.d",7000,7000,7000,6965,6965,6965,0,0,0,"25","man","white","no","10010","NY","no"
"302","492",94904,"492","m","d","m.d",7500,7500,7400,7465,7465,7365,0,-100,-100,"27","woman","white","no","33214",NA,"no"
"303","492",76788,"492","m","d","m.d",25,250,150,-10,215,115,225,-100,125,"24","man","hispanic white","yes","84070","UT","no"
"304","492",92120,"492","m","d","m.d",100,100,100,65,65,65,0,0,0,"24","woman","white","yes","30308","GA","no"
"305","492",94901,"492","m","d","m.d",100,NA,NA,65,NA,NA,NA,NA,NA,"53","man","black","yes","94503","CA","no"
"306","492",91943,"492","m","d","m.d",47,900,900,12,865,865,853,0,853,"22","woman","asian","yes","75023","TX","no"
"307","492",88510,"492","m","d","m.d",100,1000,1000,65,965,965,900,0,900,"23","man","black","yes","90001","CA","no"
"308","492",91951,"492","m","d","m.d",55,55,55,20,20,20,0,0,0,"28","man","white","no","90001","CA","no"
"309","492",106697,"492","m","d","m.d",8000,8000,8000,7970,7970,7970,0,0,0,NA,NA,NA,NA,NA,NA,"yes"
"310","496",113834,"496","aa","d","aa.d",5000,4577,1500,4965,4542,1465,-423,-3077,-3500,"28","woman","black","no","27455","NC","no"
"311","496",110908,"496","aa","d","aa.d",2000,2000,2500,1965,1965,2465,0,500,500,"34","man","black","no","90028","CA","no"
"312","496",110932,"496","aa","d","aa.d",5000,4000,4900,4965,3965,4865,-1000,900,-100,"34","man","black","no","90028","CA","no"
"313","496",110905,"496","aa","d","aa.d",7453,2100,3300,7418,2065,3265,-5353,1200,-4153,"34","man","black","no","90028","CA","no"
"314","496",114515,"496","aa","d","aa.d",5500,2500,2500,5465,2465,2465,-3000,0,-3000,"32","woman","black","no","19002","PA","no"
"315","496",110820,"496","aa","d","aa.d",2000,5500,3500,1965,5465,3465,3500,-2000,1500,"44","woman","black","no","13760","NY","no"
"316","496",110904,"496","aa","d","aa.d",2500,2500,2500,2465,2465,2465,0,0,0,"34","man","black","no","90026","CA","no"
"317","496",112103,"496","aa","d","aa.d",10,150,150,-25,115,115,140,0,140,"30","woman","black","no","31061","GA","no"
"318","496",110903,"496","aa","d","aa.d",5000,2500,2500,4965,2465,2465,-2500,0,-2500,"34","man","black","no","90027","CA","no"
"319","496",110878,"496","aa","d","aa.d",20,20,20,-15,-15,-15,0,0,0,"34","man","black","no","99950","AK","no"
"320","496",110830,"496","aa","d","aa.d",2000,3000,4600,1965,2965,4565,1000,1600,2600,"32","man","black","no","10004","NY","no"
"321","496",110817,"496","aa","d","aa.d",5000,5000,5000,4965,4965,4965,0,0,0,"30","man","black","no","99611","AK","no"
"322","496",110844,"496","aa","d","aa.d",1000,1000,1000,965,965,965,0,0,0,"25","woman","black","no","90017","CA","no"
"323","496",110927,"496","aa","d","aa.d",5000,2378,3166,4965,2343,3131,-2622,788,-1834,"35","man","black","no","90028","CA","no"
"324","496",111653,"496","aa","d","aa.d",21,7000,4500,-14,6965,4465,6979,-2500,4479,"20","woman","black","no","55125","MN","no"
"325","496",114516,"496","aa","d","aa.d",955,955,955,920,920,920,0,0,0,"29","man","black","no","15051","PA","no"
"326","496",114164,"496","aa","d","aa.d",21,3977,21,-14,3942,-14,3956,-3956,0,"33","woman","black","no","19805","DE","no"
"327","496",110901,"496","aa","d","aa.d",959,959,959,924,924,924,0,0,0,"29","man","black","no","15054","PA","no"
"328","496",111824,"496","aa","d","aa.d",1000,3000,3000,965,2965,2965,2000,0,2000,"20","man","black","no","48601","MI","no"
"329","496",112082,"496","aa","d","aa.d",1,0,30,-34,-35,-5,-1,30,29,"29","man","black","no","19401","PA","no"
"330","496",110821,"496","aa","d","aa.d",1000,1000,3400,965,965,3365,0,2400,2400,"40","woman","black","no","44509","OH","no"
"331","496",113328,"496","aa","d","aa.d",5000,NA,1111,4965,NA,1076,NA,NA,-3889,"47","man","black","no","92104","CA","no"
"332","496",113549,"496","aa","d","aa.d",8000,2670,2670,7965,2635,2635,-5330,0,-5330,"30","man","black","no","30308","GA","no"
"333","496",110816,"496","aa","d","aa.d",5500,5500,5500,5465,5465,5465,0,0,0,"32","man","black","no","99611","AK","no"
"334","496",111003,"496","aa","d","aa.d",8000,8000,8000,7970,7970,7970,0,0,0,NA,NA,NA,NA,NA,NA,"yes"
"335","497",118173,"497","aa","c","aa.c",10,10,50,-25,-25,15,0,40,40,"36","man","black","no","90032","CA","no"
"336","497",118339,"497","aa","c","aa.c",3000,8000,8000,2965,7965,7965,5000,0,5000,"34","man","black","no","90028","CA","no"
"337","497",118346,"497","aa","c","aa.c",957,957,957,922,922,922,0,0,0,"35","man","black","no","90028","CA","no"
"338","497",118347,"497","aa","c","aa.c",457,6400,3459,422,6365,3424,5943,-2941,3002,"32","man","black","no","90029","CA","no"
"339","497",118349,"497","aa","c","aa.c",3000,7000,7500,2965,6965,7465,4000,500,4500,"34","man","black","no","90028","CA","no"
"340","497",121995,"497","aa","c","aa.c",100,150,200,65,115,165,50,50,100,"43","woman","black","no","21217","MD","no"
"341","497",122060,"497","aa","c","aa.c",988,5000,7500,953,4965,7465,4012,2500,6512,"28","woman","black","no","27455","NC","no"
"342","497",122076,"497","aa","c","aa.c",700,6000,7600,665,5965,7565,5300,1600,6900,"21","man","black","no","2901","RI","no"
"343","497",118216,"497","aa","c","aa.c",500,50,50,465,15,15,-450,0,-450,"30","man","black","no","90017","CA","no"
"344","497",119730,"497","aa","c","aa.c",6000,NA,NA,5965,NA,NA,NA,NA,NA,"40","woman","black","no","23601","VA","no"
"345","497",119333,"497","aa","c","aa.c",100,100,1000,65,65,965,0,900,900,"21","woman","black","no","30066","GA","no"
"346","497",118330,"497","aa","c","aa.c",4575,7540,8535,4540,7505,8500,2965,995,3960,"34","man","black","no","90028","CA","no"
"347","497",118243,"497","aa","c","aa.c",1000,1000,8000,965,965,7965,0,7000,7000,"28","man","black","no","79741","TX","no"
"348","497",121749,"497","aa","c","aa.c",7000,8000,NA,6965,7965,NA,1000,NA,NA,"21","woman","black","no","13202","NY","no"
"349","497",118212,"497","aa","c","aa.c",900,5000,1000,865,4965,965,4100,-4000,100,"21","man","black","no","90028","CA","no"
"350","497",118345,"497","aa","c","aa.c",2000,2000,2000,1965,1965,1965,0,0,0,"33","man","black","no","90028","CA","no"
"351","497",118227,"497","aa","c","aa.c",2000,2000,2000,1965,1965,1965,0,0,0,"21","man","black","no","48601","MI","no"
"352","497",118176,"497","aa","c","aa.c",500,6000,6500,465,5965,6465,5500,500,6000,"35","man","black","no","90027","CA","no"
"353","497",118172,"497","aa","c","aa.c",10,10,50,-25,-25,15,0,40,40,"36","man","black","no","90029","CA","no"
"354","497",122067,"497","aa","c","aa.c",5000,5000,5000,4965,4965,4965,0,0,0,"34","man","black","no","90029","CA","no"
"355","497",121302,"497","aa","c","aa.c",300,5000,275,265,4965,240,4700,-4725,-25,"25","man","black","no","19805","DE","no"
"356","497",122072,"497","aa","c","aa.c",23,23,45,-12,-12,10,0,22,22,"34","man","black","no","90028","CA","no"
"357","497",118205,"497","aa","c","aa.c",110,110,110,75,75,75,0,0,0,"25","man","black","no","20746","MD","no"
"358","497",118210,"497","aa","c","aa.c",3000,8000,5000,2965,7965,4965,5000,-3000,2000,"29","woman","black","no","40203","KY","no"
"359","497",118179,"497","aa","c","aa.c",1000,7000,4500,965,6965,4465,6000,-2500,3500,"35","man","black","no","90027","CA","no"
"360","497",118530,"497","aa","c","aa.c",8000,8000,8000,7970,7970,7970,0,0,0,NA,NA,NA,NA,NA,NA,"yes"
"361","498",118286,"498","m","c","m.c",50,10,10,15,-25,-25,-40,0,-40,"29","man","black","yes","15053","PA","no"
"362","498",118474,"498","m","c","m.c",50,50,50,15,15,15,0,0,0,"35","woman","hispanic","yes","18132",NA,"no"
"363","498",122153,"498","m","c","m.c",8000,7500,8000,7965,7465,7965,-500,500,0,"35","man","white","yes","90032","CA","no"
"364","498",76804,"498","m","c","m.c",2000,8000,6000,1965,7965,5965,6000,-2000,4000,"40","man","white","yes","18411","PA","no"
"365","498",122099,"498","m","c","m.c",8000,8000,8000,7965,7965,7965,0,0,0,"33","man","white","no","90035","CA","no"
"366","498",118475,"498","m","c","m.c",70,70,70,35,35,35,0,0,0,"37","woman","pacific_islander white","yes","43123","OH","no"
"367","498",118473,"498","m","c","m.c",68,68,68,33,33,33,0,0,0,"45","woman","hispanic","yes","19145","PA","no"
"368","498",118472,"498","m","c","m.c",30,30,30,-5,-5,-5,0,0,0,"68","woman","pacific_islander","yes","19143","PA","no"
"369","498",118470,"498","m","c","m.c",73,73,73,38,38,38,0,0,0,"29","man","black","yes","19139","PA","no"
"370","498",122087,"498","m","c","m.c",8000,NA,NA,7965,NA,NA,NA,NA,NA,"28","man","white","yes","10117","NY","no"
"371","498",118190,"498","m","c","m.c",2000,8000,8000,1965,7965,7965,6000,0,6000,"35","man","white","no","90011","CA","no"
"372","498",122100,"498","m","c","m.c",8000,7500,8000,7965,7465,7965,-500,500,0,"36","man","black","yes","90030","CA","no"
"373","498",106666,"498","m","c","m.c",4000,8000,8000,3965,7965,7965,4000,0,4000,"35","man","black","yes","13036","NY","no"
"374","498",110813,"498","m","c","m.c",90,90,90,55,55,55,0,0,0,"35","man","white","no","90001","CA","no"
"375","498",106680,"498","m","c","m.c",5000,8000,8000,4965,7965,7965,3000,0,3000,"40","man","white","no","90201","CA","no"
"376","498",122155,"498","m","c","m.c",1899,1899,NA,1864,1864,NA,0,NA,NA,"28","man","black","yes","90029","CA","no"
"377","498",122094,"498","m","c","m.c",20,NA,NA,-15,NA,NA,NA,NA,NA,"29","man","white","yes","10119","NY","no"
"378","498",118340,"498","m","c","m.c",50,50,50,15,15,15,0,0,0,"32","man","black","yes","15053","PA","no"
"379","498",108426,"498","m","c","m.c",7000,8000,8000,6965,7965,7965,1000,0,1000,"32","man","white","yes","30301","GA","no"
"380","498",122088,"498","m","c","m.c",10,10,10,-25,-25,-25,0,0,0,"26","man","black","yes","15052","PA","no"
"381","498",122098,"498","m","c","m.c",8000,8000,8000,7965,7965,7965,0,0,0,"35","man","white","no","90032","CA","no"
"382","498",110909,"498","m","c","m.c",30,NA,NA,-5,NA,NA,NA,NA,NA,"35","man","white","no","90027","CA","no"
"383","498",118471,"498","m","c","m.c",80,80,80,45,45,45,0,0,0,"38","woman","native_american","yes","19140","PA","no"
"384","498",76785,"498","m","c","m.c",150,5000,NA,115,4965,NA,4850,NA,NA,"48","woman","white","yes","29307","SC","no"
"385","498",122097,"498","m","c","m.c",8000,7500,8000,7965,7465,7965,-500,500,0,"32","man","white","yes","90030","CA","no"
"386","498",125792,"498","m","c","m.c",8000,NA,NA,7970,NA,NA,NA,NA,NA,NA,NA,NA,NA,NA,NA,"yes"
"387","501",125825,"501","m","c","m.c",60,60,60,25,25,25,0,0,0,"32","man","white","yes","90029","CA","no"
"388","501",126170,"501","m","c","m.c",130,135,130,95,100,95,5,-5,0,"29","man","white","yes","90027","CA","no"
"389","501",125887,"501","m","c","m.c",2000,4000,2500,1965,3965,2465,2000,-1500,500,"26","woman","black","yes","90003","CA","no"
"390","501",125942,"501","m","c","m.c",50,50,50,15,15,15,0,0,0,"32","man","black","yes","90032","CA","no"
"391","501",126007,"501","m","c","m.c",2000,7000,850,1965,6965,815,5000,-6150,-1150,"35","man","black","yes","10001","NY","no"
"392","501",126015,"501","m","c","m.c",7777,7777,7777,7742,7742,7742,0,0,0,"30","man","white","no","97920","OR","no"
"393","501",126149,"501","m","c","m.c",60,60,60,25,25,25,0,0,0,"29","man","native_american","no","45011","OH","no"
"394","501",108456,"501","m","c","m.c",6000,7000,7000,5965,6965,6965,1000,0,1000,"33","man","black","yes","35215","AL","no"
"395","501",126025,"501","m","c","m.c",111,110,110,76,75,75,-1,0,-1,"31","man","white","no","11202","NY","no"
"396","501",125915,"501","m","c","m.c",7000,7000,7800,6965,6965,7765,0,800,800,"35","man","white","no","90025","CA","no"
"397","501",126104,"501","m","c","m.c",90,90,NA,55,55,NA,0,NA,NA,"35","man","hispanic","yes","90001","CA","no"
"398","501",125898,"501","m","c","m.c",1000,NA,NA,965,NA,NA,NA,NA,NA,"32","man","black","yes","90031","CA","no"
"399","501",126103,"501","m","c","m.c",80,80,NA,45,45,NA,0,NA,NA,"35","man","hispanic","yes","90001","CA","no"
"400","501",125992,"501","m","c","m.c",500,8000,8000,465,7965,7965,7500,0,7500,"40","man","white","no","10001","NY","no"
"401","501",126013,"501","m","c","m.c",7899,7899,7889,7864,7864,7854,0,-10,-10,"20","man","asian","yes","24658","VA","no"
"402","501",126012,"501","m","c","m.c",8789,8789,8789,8754,8754,8754,0,0,0,"47","man","white","yes","42788","KY","no"
"403","501",108425,"501","m","c","m.c",1,8000,1000,-34,7965,965,7999,-7000,999,"48","man","white","no","37327","TN","no"
"404","501",125880,"501","m","c","m.c",100,9000,9000,65,8965,8965,8900,0,8900,"28","man","white","no","10011","NY","no"
"405","501",126087,"501","m","c","m.c",111,111,111,76,76,76,0,0,0,"25","man","black hispanic","no","10002","NY","no"
"406","501",125797,"501","m","c","m.c",1000,5000,5000,965,4965,4965,4000,0,4000,"29","man","white","yes","84106","UT","no"
"407","501",125810,"501","m","c","m.c",3000,3000,3000,2965,2965,2965,0,0,0,"26","man","black","yes","90003","CA","no"
"408","501",126038,"501","m","c","m.c",150,150,150,115,115,115,0,0,0,"45","man","black","yes","10023","NY","no"
"409","501",125831,"501","m","c","m.c",1300,7000,7000,1265,6965,6965,5700,0,5700,"27","man","white","yes","7101","NJ","no"
"410","501",126177,"501","m","c","m.c",7000,3000,3500,6965,2965,3465,-4000,500,-3500,"24","woman","black","yes","90002","CA","no"
"411","501",126200,"501","m","c","m.c",80,80,80,45,45,45,0,0,0,"36","man","black","yes","19019","PA","no"
"412","501",125838,"501","m","c","m.c",500,7500,7500,465,7465,7465,7000,0,7000,"25","man","black","yes","22407","VA","no"
"413","501",126215,"501","m","c","m.c",8000,8000,8000,7970,7970,7970,0,0,0,NA,NA,NA,NA,NA,NA,"yes"
"414","502",126115,"502","m","c","m.c",9000,8000,8000,8965,7965,7965,-1000,0,-1000,"26","man","white","yes","77051","TX","no"
"415","502",126056,"502","m","c","m.c",234,8000,97,199,7965,62,7766,-7903,-137,"32","woman","black","yes","90030","CA","no"
"416","502",125892,"502","m","c","m.c",5000,2000,7000,4965,1965,6965,-3000,5000,2000,"32","man","black","yes","90032","CA","no"
"417","502",126142,"502","m","c","m.c",10,9000,9000,-25,8965,8965,8990,0,8990,"23","man","black","yes","10223",NA,"no"
"418","502",126005,"502","m","c","m.c",8000,8000,8000,7965,7965,7965,0,0,0,"35","man","white","no","90201","CA","no"
"419","502",125801,"502","m","c","m.c",660,660,660,625,625,625,0,0,0,"31","man","black","yes","15052","PA","no"
"420","502",125934,"502","m","c","m.c",5,2500,NA,-30,2465,NA,2495,NA,NA,"36","man","white","yes","90017","CA","no"
"421","502",125798,"502","m","c","m.c",8000,8000,8000,7965,7965,7965,0,0,0,"26","man","black","yes","16256","PA","no"
"422","502",125822,"502","m","c","m.c",300,300,300,265,265,265,0,0,0,"31","man","white","yes","90029","CA","no"
"423","502",125794,"502","m","c","m.c",5000,8000,8000,4965,7965,7965,3000,0,3000,"36","man","white","no","10001","NY","no"
"424","502",126073,"502","m","c","m.c",6777,NA,NA,6742,NA,NA,NA,NA,NA,"26","woman","pacific_islander","yes","96734","HI","no"
"425","502",125930,"502","m","c","m.c",66,66,66,31,31,31,0,0,0,"34","man","black","yes","15056","PA","no"
"426","502",126107,"502","m","c","m.c",100,1000,1000,65,965,965,900,0,900,"35","man","black","yes","15053","PA","no"
"427","502",108458,"502","m","c","m.c",7000,7000,7000,6965,6965,6965,0,0,0,"40","man","black","yes","75001","TX","no"
"428","502",125891,"502","m","c","m.c",90,90,60,55,55,25,0,-30,-30,"35","man","black","yes","90030","CA","no"
"429","502",108421,"502","m","c","m.c",100,100,100,65,65,65,0,0,0,"36","man","black white","no","90028","CA","no"
"430","502",108424,"502","m","c","m.c",1000,1500,1500,965,1465,1465,500,0,500,"24","woman","black","yes","75058","TX","no"
"431","502",126035,"502","m","c","m.c",5000,8000,6000,4965,7965,5965,3000,-2000,1000,"26","man","white","no","20002","DC","no"
"432","502",125846,"502","m","c","m.c",6678,NA,NA,6643,NA,NA,NA,NA,NA,"33","man","black","yes","90028","CA","no"
"433","502",126039,"502","m","c","m.c",150,150,150,115,115,115,0,0,0,"23","man","black","yes","15054","PA","no"
"434","502",125828,"502","m","c","m.c",500,500,3000,465,465,2965,0,2500,2500,"28","man","white","yes","7101","NJ","no"
"435","502",126125,"502","m","c","m.c",254,7500,3000,219,7465,2965,7246,-4500,2746,"33","woman","white","yes","90032","CA","no"
"436","502",125897,"502","m","c","m.c",7000,4000,6000,6965,3965,5965,-3000,2000,-1000,"32","man","black","yes","90032","CA","no"
"437","502",125929,"502","m","c","m.c",4500,8000,8000,4465,7965,7965,3500,0,3500,"35","man","white","yes","90001","CA","no"
"438","502",122279,"502","m","c","m.c",8000,8000,8000,7970,7970,7970,0,0,0,NA,NA,NA,NA,NA,NA,"yes"
"439","524",126769,"524","aa","d","aa.d",8000,5000,4000,7965,4965,3965,-3000,-1000,-4000,"35","woman","black","no","60176","IL","no"
"440","524",126063,"524","aa","d","aa.d",13,1500,900,-22,1465,865,1487,-600,887,"34","man","black","no","90028","CA","no"
"441","524",126018,"524","aa","d","aa.d",4987,2860,2543,4952,2825,2508,-2127,-317,-2444,"34","man","black","no","90028","CA","no"
"442","524",125921,"524","aa","d","aa.d",5,5,5,-30,-30,-30,0,0,0,"22","man","black","no","71316","LA","no"
"443","524",127028,"524","aa","d","aa.d",900,2802,1080,865,2767,1045,1902,-1722,180,"22","woman","black","no","44509","OH","no"
"444","524",126051,"524","aa","d","aa.d",200,250,250,165,215,215,50,0,50,"34","man","black","no","90028","CA","no"
"445","524",126488,"524","aa","d","aa.d",1,NA,NA,-34,NA,NA,NA,NA,NA,"34","woman","black","no","90014","CA","no"
"446","524",126295,"524","aa","d","aa.d",240,1270,1270,205,1235,1235,1030,0,1030,"24","man","black","no","10004","NY","no"
"447","524",126067,"524","aa","d","aa.d",10,10,10,-25,-25,-25,0,0,0,"34","man","black","no","90028","CA","no"
"448","524",122150,"524","aa","d","aa.d",3000,1200,1540,2965,1165,1505,-1800,340,-1460,"34","man","black","no","90028","CA","no"
"449","524",125932,"524","aa","d","aa.d",1500,1500,1500,1465,1465,1465,0,0,0,"36","man","black","no","16063","PA","no"
"450","524",126006,"524","aa","d","aa.d",700,700,700,665,665,665,0,0,0,"35","woman","black","no","94016","CA","no"
"451","524",126321,"524","aa","d","aa.d",5600,4340,2800,5565,4305,2765,-1260,-1540,-2800,"25","man","black","no","10117","NY","no"
"452","524",123715,"524","aa","d","aa.d",50,NA,NA,15,NA,NA,NA,NA,NA,"49","man","black","no","91103","CA","no"
"453","524",126322,"524","aa","d","aa.d",5000,5600,1000,4965,5565,965,600,-4600,-4000,"27","man","black","no","90047","CA","no"
"454","524",125974,"524","aa","d","aa.d",500,500,5000,465,465,4965,0,4500,4500,"25","man","black","no","22407","VA","no"
"455","524",122145,"524","aa","d","aa.d",8000,NA,NA,7965,NA,NA,NA,NA,NA,"34","man","black","no","90028","CA","no"
"456","524",126065,"524","aa","d","aa.d",34,570,482,-1,535,447,536,-88,448,"34","man","black","no","90028","CA","no"
"457","524",123080,"524","aa","d","aa.d",50,50,50,15,15,15,0,0,0,"39","woman","black","no","31750","GA","no"
"458","524",126047,"524","aa","d","aa.d",365,NA,NA,330,NA,NA,NA,NA,NA,"34","man","black","no","90028","CA","no"
"459","524",126061,"524","aa","d","aa.d",356,675,4567,321,640,4532,319,3892,4211,"34","man","black","no","90028","CA","no"
"460","524",126040,"524","aa","d","aa.d",54,54,54,19,19,19,0,0,0,"30","woman","black","no","15056","PA","no"
"461","524",126830,"524","aa","d","aa.d",8000,8000,8000,7970,7970,7970,0,0,0,NA,NA,NA,NA,NA,NA,"yes"
"462","525",126050,"525","aa","c","aa.c",12,12,12,-23,-23,-23,0,0,0,"34","man","black","no","90028","CA","no"
"463","525",126303,"525","aa","c","aa.c",1,5090,7980,-34,5055,7945,5089,2890,7979,"33","man","black","no","90028","CA","no"
"464","525",125824,"525","aa","c","aa.c",200,1000,8000,165,965,7965,800,7000,7800,"34","man","black","no","90028","CA","no"
"465","525",125820,"525","aa","c","aa.c",300,NA,NA,265,NA,NA,NA,NA,NA,"34","man","black","no","90028","CA","no"
"466","525",126002,"525","aa","c","aa.c",600,600,600,565,565,565,0,0,0,"37","man","black","no","22976","VA","no"
"467","525",126234,"525","aa","c","aa.c",166,166,166,131,131,131,0,0,0,"24","man","black","no","16012",NA,"no"
"468","525",126284,"525","aa","c","aa.c",675,NA,NA,640,NA,NA,NA,NA,NA,"37","man","black","no","90028","CA","no"
"469","525",126064,"525","aa","c","aa.c",10,29,5,-25,-6,-30,19,-24,-5,"34","man","black","no","90028","CA","no"
"470","525",126053,"525","aa","c","aa.c",13,13,13,-22,-22,-22,0,0,0,"34","man","black","no","90028","CA","no"
"471","525",126042,"525","aa","c","aa.c",500,500,500,465,465,465,0,0,0,"19","woman","black","no","15053","PA","no"
"472","525",126305,"525","aa","c","aa.c",500,8000,20,465,7965,-15,7500,-7980,-480,"25","woman","black","no","90028","CA","no"
"473","525",125803,"525","aa","c","aa.c",60,60,60,25,25,25,0,0,0,"34","man","black","no","90028","CA","no"
"474","525",125935,"525","aa","c","aa.c",8000,8000,8000,7965,7965,7965,0,0,0,"29","man","black","no","15051","PA","no"
"475","525",126057,"525","aa","c","aa.c",6000,6000,6000,5965,5965,5965,0,0,0,"34","man","black","no","90029","CA","no"
"476","525",126467,"525","aa","c","aa.c",2143,5000,5000,2108,4965,4965,2857,0,2857,"34","man","black","no","90028","CA","no"
"477","525",126041,"525","aa","c","aa.c",3400,3400,3400,3365,3365,3365,0,0,0,"41","man","black","no","15054","PA","no"
"478","525",126044,"525","aa","c","aa.c",36,79,450,1,44,415,43,371,414,"34","man","black","no","90028","CA","no"
"479","525",126773,"525","aa","c","aa.c",NA,99,8000,NA,64,7965,NA,7901,NA,"32","man","black","no","20002","DC","no"
"480","525",126241,"525","aa","c","aa.c",5609,800,800,5574,765,765,-4809,0,-4809,"27","man","black","no","15056","PA","no"
"481","525",123264,"525","aa","c","aa.c",5000,8000,NA,4965,7965,NA,3000,NA,NA,"33","man","black","no","30083","GA","no"
"482","525",125833,"525","aa","c","aa.c",5000,5000,8000,4965,4965,7965,0,3000,3000,"26","man","black","no","30305","GA","no"
"483","525",126004,"525","aa","c","aa.c",7000,7000,7000,6965,6965,6965,0,0,0,"38","man","black","no","90650","CA","no"
"484","525",126806,"525","aa","c","aa.c",8000,2200,6580,7965,2165,6545,-5800,4380,-1420,"35","woman","black","no","90028","CA","no"
"485","525",126799,"525","aa","c","aa.c",45,45,45,10,10,10,0,0,0,"25","man","black","no","10002","NY","no"
"486","525",126829,"525","aa","c","aa.c",8000,8000,8000,7970,7970,7970,0,0,0,NA,NA,NA,NA,NA,NA,"yes"
"487","526",126049,"526","aa","d","aa.d",500,500,500,465,465,465,0,0,0,"34","man","black","no","90028","CA","no"
"488","526",126290,"526","aa","d","aa.d",4000,4000,4000,3965,3965,3965,0,0,0,"34","man","black","no","90210","CA","no"
"489","526",123433,"526","aa","d","aa.d",1000,100,100,965,65,65,-900,0,-900,"20","woman","black","no","90401","CA","no"
"490","526",126003,"526","aa","d","aa.d",6756,2546,5467,6721,2511,5432,-4210,2921,-1289,"35","woman","black","no","91331","CA","no"
"491","526",126011,"526","aa","d","aa.d",1800,1800,2852,1765,1765,2817,0,1052,1052,"25","man","black","no","30002","GA","no"
"492","526",125894,"526","aa","d","aa.d",8000,8000,8000,7965,7965,7965,0,0,0,"31","man","black","no","90028","CA","no"
"493","526",125812,"526","aa","d","aa.d",655,5250,4500,620,5215,4465,4595,-750,3845,"26","man","black","no","10011","NY","no"
"494","526",126299,"526","aa","d","aa.d",5000,5100,5050,4965,5065,5015,100,-50,50,"34","man","black","no","90028","CA","no"
"495","526",126283,"526","aa","d","aa.d",5000,5000,5000,4965,4965,4965,0,0,0,"34","man","black","no","18037","PA","no"
"496","526",126308,"526","aa","d","aa.d",93,93,93,58,58,58,0,0,0,"39","woman","black","no","45011","OH","no"
"497","526",125807,"526","aa","d","aa.d",550,5100,5200,515,5065,5165,4550,100,4650,"26","man","black","no","10011","NY","no"
"498","526",126527,"526","aa","d","aa.d",5600,4500,2800,5565,4465,2765,-1100,-1700,-2800,"35","man","black","no","90028","CA","no"
"499","526",126512,"526","aa","d","aa.d",7000,8000,5000,6965,7965,4965,1000,-3000,-2000,"34","woman","black","no","90028","CA","no"
"500","526",122926,"526","aa","d","aa.d",500,4000,4500,465,3965,4465,3500,500,4000,"28","woman","black","no","2121","MA","no"
"501","526",123289,"526","aa","d","aa.d",100,150,1000,65,115,965,50,850,900,"27","woman","black","no","20190","VA","no"
"502","526",126315,"526","aa","d","aa.d",NA,4275,2000,NA,4240,1965,NA,-2275,NA,"32","man","black","no","90013","CA","no"
"503","526",125999,"526","aa","d","aa.d",8000,2500,2500,7965,2465,2465,-5500,0,-5500,"35","man","black","no","8618","NJ","no"
"504","526",126770,"526","aa","d","aa.d",5600,4000,5000,5565,3965,4965,-1600,1000,-600,"33","man","black","no","10013","NY","no"
"505","526",126331,"526","aa","d","aa.d",8000,8000,8000,7965,7965,7965,0,0,0,"34","man","black","no","90028","CA","no"
"506","526",126486,"526","aa","d","aa.d",9999,9999,9999,9964,9964,9964,0,0,0,"34","man","black","no","24521","VA","no"
"507","526",126435,"526","aa","d","aa.d",22,NA,NA,-13,NA,NA,NA,NA,NA,"34","man","black","no","90028","CA","no"
"508","526",123309,"526","aa","d","aa.d",5600,1705,3000,5565,1670,2965,-3895,1295,-2600,"30","man","black","no","20001","DC","no"
"509","526",126964,"526","aa","d","aa.d",8000,8000,8000,7970,7970,7970,0,0,0,NA,NA,NA,NA,NA,NA,"yes"
"510","535",127095,"535","aa","c","aa.c",7000,7000,7000,6965,6965,6965,0,0,0,"31","man","black","no","20002","DC","no"
"511","535",127362,"535","aa","c","aa.c",3500,1500,800,3465,1465,765,-2000,-700,-2700,"34","man","black","no","30303","GA","no"
"512","535",127309,"535","aa","c","aa.c",20,20,20,-15,-15,-15,0,0,0,"34","man","black","no","90028","CA","no"
"513","535",125774,"535","aa","c","aa.c",626,626,626,591,591,591,0,0,0,"34","man","black","no","90024","CA","no"
"514","535",125770,"535","aa","c","aa.c",2400,2000,1539,2365,1965,1504,-400,-461,-861,"35","man","black","no","33130","FL","no"
"515","535",127234,"535","aa","c","aa.c",100,2000,5000,65,1965,4965,1900,3000,4900,"34","man","black","no","90028","CA","no"
"516","535",127157,"535","aa","c","aa.c",13,13,13,-22,-22,-22,0,0,0,"23","man","black","no","10003","NY","no"
"517","535",126967,"535","aa","c","aa.c",4657,4564,3905,4622,4529,3870,-93,-659,-752,"35","man","black","no","90028","CA","no"
"518","535",127390,"535","aa","c","aa.c",5500,3546,2344,5465,3511,2309,-1954,-1202,-3156,"34","man","black","no","90028","CA","no"
"519","535",127063,"535","aa","c","aa.c",143,143,143,108,108,108,0,0,0,"34","man","black","no","90028","CA","no"
"520","535",122135,"535","aa","c","aa.c",626,626,626,591,591,591,0,0,0,"34","man","black","no","90025","CA","no"
"521","535",127381,"535","aa","c","aa.c",456,456,NA,421,421,NA,0,NA,NA,"39","woman","black","no","24521","VA","no"
"522","535",127308,"535","aa","c","aa.c",15,15,15,-20,-20,-20,0,0,0,"34","man","black","no","90028","CA","no"
"523","535",125785,"535","aa","c","aa.c",9000,1953,1953,8965,1918,1918,-7047,0,-7047,"45","man","black","no","10001","NY","no"
"524","535",125764,"535","aa","c","aa.c",5000,3570,500,4965,3535,465,-1430,-3070,-4500,"21","man","black","no","10036","NY","no"
"525","535",127109,"535","aa","c","aa.c",3099,NA,NA,3064,NA,NA,NA,NA,NA,"23","man","black","no","20002","DC","no"
"526","535",127012,"535","aa","c","aa.c",600,600,600,565,565,565,0,0,0,"35","woman","black","no","90028","CA","no"
"527","535",127158,"535","aa","c","aa.c",13,13,13,-22,-22,-22,0,0,0,"25","man","black","no","10004","NY","no"
"528","535",127014,"535","aa","c","aa.c",1000,10,100,965,-25,65,-990,90,-900,"19","man","black","no","30083","GA","no"
"529","535",127139,"535","aa","c","aa.c",4500,3000,4500,4465,2965,4465,-1500,1500,0,"35","woman","black","no","90028","CA","no"
"530","535",127108,"535","aa","c","aa.c",1000,1000,1000,965,965,965,0,0,0,"23","man","black","no","20002","DC","no"
"531","535",127066,"535","aa","c","aa.c",166,166,166,131,131,131,0,0,0,"34","man","black","no","90028","CA","no"
"532","535",127397,"535","aa","c","aa.c",166,166,166,131,131,131,0,0,0,"21","man","black","no","15046","PA","no"
"533","535",127093,"535","aa","c","aa.c",8009,8009,8009,7974,7974,7974,0,0,0,"30","man","black","no","20002","DC","no"
"534","535",127284,"535","aa","c","aa.c",75,75,75,40,40,40,0,0,0,"37","woman","black","no","90065","CA","no"
"535","535",127349,"535","aa","c","aa.c",1000,1000,1000,965,965,965,0,0,0,"35","woman","black","no","90028","CA","no"
"536","535",125548,"535","aa","c","aa.c",1000,1000,1000,965,965,965,0,0,0,"67","man","black","no","32043","FL","no"
"537","535",127243,"535","aa","c","aa.c",27,45,50,-8,10,15,18,5,23,"30","man","black","no","98134","WA","no"
"538","535",127421,"535","aa","c","aa.c",8000,8000,8000,7970,7970,7970,0,0,0,NA,NA,NA,NA,NA,NA,"yes"
"539","536",126892,"536","aa","c","aa.c",100,3500,30,65,3465,-5,3400,-3470,-70,"43","woman","black","no","15401","PA","no"
"540","536",127104,"536","aa","c","aa.c",1000,8000,8000,965,7965,7965,7000,0,7000,"36","man","black","no","90028","CA","no"
"541","536",127361,"536","aa","c","aa.c",1000,3000,4000,965,2965,3965,2000,1000,3000,"34","man","black","no","75019","TX","no"
"542","536",127393,"536","aa","c","aa.c",326,326,326,291,291,291,0,0,0,"22","man","black","no","15076","PA","no"
"543","536",127383,"536","aa","c","aa.c",234,NA,NA,199,NA,NA,NA,NA,NA,"34","man","black","no","91331","CA","no"
"544","536",127229,"536","aa","c","aa.c",7000,7000,8000,6965,6965,7965,0,1000,1000,"34","man","black","no","90028","CA","no"
"545","536",127310,"536","aa","c","aa.c",8000,8000,8000,7965,7965,7965,0,0,0,"34","man","black","no","90028","CA","no"
"546","536",127350,"536","aa","c","aa.c",5000,8000,5000,4965,7965,4965,3000,-3000,0,"36","man","black","no","90028","CA","no"
"547","536",127061,"536","aa","c","aa.c",200,NA,NA,165,NA,NA,NA,NA,NA,"34","man","black","no","90028","CA","no"
"548","536",127178,"536","aa","c","aa.c",4600,4000,NA,4565,3965,NA,-600,NA,NA,"34","woman","black","no","90001","CA","no"
"549","536",127334,"536","aa","c","aa.c",3000,7000,7000,2965,6965,6965,4000,0,4000,"34","man","black","no","90027","CA","no"
"550","536",125771,"536","aa","c","aa.c",2525,2500,9500,2490,2465,9465,-25,7000,6975,"25","man","black","no","33130","FL","no"
"551","536",127404,"536","aa","c","aa.c",13,12,13,-22,-23,-22,-1,1,0,"22","man","black","no","10005","NY","no"
"552","536",127166,"536","aa","c","aa.c",6700,6700,6700,6665,6665,6665,0,0,0,"32","man","black","no","90011","CA","no"
"553","536",125777,"536","aa","c","aa.c",626,626,626,591,591,591,0,0,0,"34","man","black","no","90021","CA","no"
"554","536",125784,"536","aa","c","aa.c",8000,7700,8300,7965,7665,8265,-300,600,300,"34","man","black","no","90028","CA","no"
"555","536",127335,"536","aa","c","aa.c",5000,8000,1200,4965,7965,1165,3000,-6800,-3800,"33","man","black","no","90028","CA","no"
"556","536",127242,"536","aa","c","aa.c",15,7000,7000,-20,6965,6965,6985,0,6985,"34","man","black","no","19019","PA","no"
"557","536",127232,"536","aa","c","aa.c",7500,7500,7500,7465,7465,7465,0,0,0,"34","man","black","no","90028","CA","no"
"558","536",127299,"536","aa","c","aa.c",500,500,500,465,465,465,0,0,0,"34","man","black","no","90028","CA","no"
"559","536",127276,"536","aa","c","aa.c",5345,23,23,5310,-12,-12,-5322,0,-5322,"36","man","black","no","24521","VA","no"
"560","536",127341,"536","aa","c","aa.c",4600,4600,4600,4565,4565,4565,0,0,0,"34","woman","black","no","90013","CA","no"
"561","536",127311,"536","aa","c","aa.c",170,170,170,135,135,135,0,0,0,"34","man","black","no","90029","CA","no"
"562","536",127413,"536","aa","c","aa.c",5676,8076,8076,5641,8041,8041,2400,0,2400,"34","man","black","no","90028","CA","no"
"563","536",125779,"536","aa","c","aa.c",2629,6500,5566,2594,6465,5531,3871,-934,2937,"35","man","black","no","90028","CA","no"
"564","536",127420,"536","aa","c","aa.c",8000,8000,8000,7970,7970,7970,0,0,0,NA,NA,NA,NA,NA,NA,"yes"
"565","537",127596,"537","aa","d","aa.d",25,25,25,-10,-10,-10,0,0,0,"24","man","black","no","10004","NY","no"
"566","537",127521,"537","aa","d","aa.d",75,75,75,40,40,40,0,0,0,"22","man","black","no","10005","NY","no"
"567","537",131453,"537","aa","d","aa.d",5,5,5,-30,-30,-30,0,0,0,"19","man","black","no","90028","CA","no"
"568","537",127519,"537","aa","d","aa.d",25,25,25,-10,-10,-10,0,0,0,"22","man","black","no","10005","NY","no"
"569","537",127576,"537","aa","d","aa.d",625,625,625,590,590,590,0,0,0,"35","man","black","no","90028","CA","no"
"570","537",127236,"537","aa","d","aa.d",35,NA,NA,0,NA,NA,NA,NA,NA,"30","man","black","no","90028","CA","no"
"571","537",127554,"537","aa","d","aa.d",177,2700,2700,142,2665,2665,2523,0,2523,"35","man","black","no","30311","GA","no"
"572","537",127577,"537","aa","d","aa.d",625,625,NA,590,590,NA,0,NA,NA,"35","man","black","no","90021","CA","no"
"573","537",127557,"537","aa","d","aa.d",9000,2000,2000,8965,1965,1965,-7000,0,-7000,"35","man","black","no","90090","CA","no"
"574","537",131525,"537","aa","d","aa.d",400,400,400,365,365,365,0,0,0,"29","woman","black","no","99501","AK","no"
"575","537",127578,"537","aa","d","aa.d",626,626,626,591,591,591,0,0,0,"35","man","black","no","90027","CA","no"
"576","537",131690,"537","aa","d","aa.d",5000,5000,2000,4965,4965,1965,0,-3000,-3000,"28","man","black","no","90029","CA","no"
"577","537",127513,"537","aa","d","aa.d",150,90,130,115,55,95,-60,40,-20,"21","woman","black","no","19019","PA","no"
"578","537",127511,"537","aa","d","aa.d",140,80,70,105,45,35,-60,-10,-70,"31","man","black","no","90028","CA","no"
"579","537",127547,"537","aa","d","aa.d",2000,2000,2000,1965,1965,1965,0,0,0,"34","man","black","no","90001","CA","no"
"580","537",127495,"537","aa","d","aa.d",2550,2789,4500,2515,2754,4465,239,1711,1950,"35","woman","black","no","90028","CA","no"
"581","537",127595,"537","aa","d","aa.d",5000,5000,5000,4965,4965,4965,0,0,0,"34","woman","black","no","90013","CA","no"
"582","537",127579,"537","aa","d","aa.d",626,626,626,591,591,591,0,0,0,"34","man","black","no","90025","CA","no"
"583","537",127592,"537","aa","d","aa.d",5000,2000,2000,4965,1965,1965,-3000,0,-3000,"34","man","black","no","90013","CA","no"
"584","537",127541,"537","aa","d","aa.d",1000,3500,2300,965,3465,2265,2500,-1200,1300,"34","man","black","no","98682","WA","no"
"585","537",127494,"537","aa","d","aa.d",166,166,166,131,131,131,0,0,0,"33","man","black","no","90028","CA","no"
"586","537",127598,"537","aa","d","aa.d",7966,7954,885,7931,7919,850,-12,-7069,-7081,"34","man","black","no","90028","CA","no"
"587","537",127599,"537","aa","d","aa.d",5766,4656,867,5731,4621,832,-1110,-3789,-4899,"34","man","black","no","90028","CA","no"
"588","537",127545,"537","aa","d","aa.d",7500,1850,1850,7465,1815,1815,-5650,0,-5650,"28","man","black","no","10013","NY","no"
"589","537",127660,"537","aa","d","aa.d",8000,NA,NA,7970,NA,NA,NA,NA,NA,NA,NA,NA,NA,NA,NA,"yes"
"590","539",127564,"539","m","c","m.c",110,110,110,75,75,75,0,0,0,"25","man","black","yes","10054",NA,"no"
"591","539",131696,"539","m","c","m.c",21,15,18,-14,-20,-17,-6,3,-3,"28","man","white","no","10013","NY","no"
"592","539",131461,"539","m","c","m.c",7000,8700,8200,6965,8665,8165,1700,-500,1200,"44","man","white","yes","22407","VA","no"
"593","539",126595,"539","m","c","m.c",70,70,70,35,35,35,0,0,0,"39","man","pacific_islander","yes","19019","PA","no"
"594","539",127003,"539","m","c","m.c",40,5000,6000,5,4965,5965,4960,1000,5960,"34","man","black","yes","90032","CA","no"
"595","539",127601,"539","m","c","m.c",6000,8000,400,5965,7965,365,2000,-7600,-5600,"34","woman","black","yes","10010","NY","no"
"596","539",126220,"539","m","c","m.c",NA,NA,8000,NA,NA,7965,NA,NA,NA,"44","man","white","yes","22407","VA","no"
"597","539",127321,"539","m","c","m.c",170,NA,NA,135,NA,NA,NA,NA,NA,"33","woman","black","yes","90330",NA,"no"
"598","539",127593,"539","m","c","m.c",1500,1500,1500,1465,1465,1465,0,0,0,"34","man","white","no","90013","CA","no"
"599","539",126243,"539","m","c","m.c",111,111,111,76,76,76,0,0,0,"34","woman","black","yes","90001","CA","no"
"600","539",126508,"539","m","c","m.c",9500,8000,8500,9465,7965,8465,-1500,500,-1000,"30","woman","black","yes","16065",NA,"no"
"601","539",126422,"539","m","c","m.c",5,5,5,-30,-30,-30,0,0,0,"34","man","white","yes","30004","GA","no"
"602","539",126987,"539","m","c","m.c",70,70,70,35,35,35,0,0,0,"33","woman","white","no","19149","PA","no"
"603","539",126996,"539","m","c","m.c",405,405,405,370,370,370,0,0,0,"29","man","black","yes","90032","CA","no"
"604","539",126417,"539","m","c","m.c",26,26,26,-9,-9,-9,0,0,0,"53","woman","black","yes","39206","MS","no"
"605","539",126244,"539","m","c","m.c",120,120,120,85,85,85,0,0,0,"36","man","black","yes","90032","CA","no"
"606","539",131449,"539","m","c","m.c",7829,7829,7829,7794,7794,7794,0,0,0,"33","woman","asian white","yes","75001","TX","no"
"607","539",126786,"539","m","c","m.c",1000,1000,1000,965,965,965,0,0,0,"35","man","hispanic","yes","90001","CA","no"
"608","539",127337,"539","m","c","m.c",150,NA,NA,115,NA,NA,NA,NA,NA,"38","man","black","yes","90330",NA,"no"
"609","539",126991,"539","m","c","m.c",600,50,1000,565,15,965,-550,950,400,"34","man","white","no","90028","CA","no"
"610","539",126412,"539","m","c","m.c",19,21,24,-16,-14,-11,2,3,5,"27","man","black","yes","90235",NA,"no"
"611","539",127327,"539","m","c","m.c",3000,NA,7000,2965,NA,6965,NA,NA,4000,"38","man","black","yes","90028","CA","no"
"612","539",131797,"539","m","c","m.c",8000,8000,8000,7970,7970,7970,0,0,0,NA,NA,NA,NA,NA,NA,"yes"
"613","540",126218,"540","m","c","m.c",50,50,50,15,15,15,0,0,0,"39","man","black","yes","10016","NY","no"
"614","540",126484,"540","m","c","m.c",220,220,220,185,185,185,0,0,0,"35","woman","white","no","22949","VA","no"
"615","540",127323,"540","m","c","m.c",190,8000,190,155,7965,155,7810,-7810,0,"37","man","black","yes","90330",NA,"no"
"616","540",126995,"540","m","c","m.c",2500,4500,6000,2465,4465,5965,2000,1500,3500,"34","man","white","no","90026","CA","no"
"617","540",127060,"540","m","c","m.c",500,500,500,465,465,465,0,0,0,"33","man","black white","no","90013","CA","no"
"618","540",131700,"540","m","c","m.c",8000,7000,9000,7965,6965,8965,-1000,2000,1000,"35","man","white","yes","10036","NY","no"
"619","540",131717,"540","m","c","m.c",5000,5500,5500,4965,5465,5465,500,0,500,"25","man","black","yes","35242","AL","no"
"620","540",131834,"540","m","c","m.c",7500,7500,7500,7465,7465,7465,0,0,0,"32","man","white","yes","90028","CA","no"
"621","540",126421,"540","m","c","m.c",50,50,50,15,15,15,0,0,0,"28","man","white","yes","90001","CA","no"
"622","540",126994,"540","m","c","m.c",768,768,345,733,733,310,0,-423,-423,"37","man","black","yes","90023","CA","no"
"623","540",126294,"540","m","c","m.c",2000,2000,2400,1965,1965,2365,0,400,400,"35","man","black","yes","10001","NY","no"
"624","540",127571,"540","m","c","m.c",3,3,3,-32,-32,-32,0,0,0,"25","man","black","yes","15056","PA","no"
"625","540",126992,"540","m","c","m.c",453,675,787,418,640,752,222,112,334,"38","man","black","yes","90028","CA","no"
"626","540",126428,"540","m","c","m.c",575,675,654,540,640,619,100,-21,79,"36","man","white","yes","90030","CA","no"
"627","540",131442,"540","m","c","m.c",5000,6000,200,4965,5965,165,1000,-5800,-4800,"24","man","white","yes","10011","NY","no"
"628","540",127150,"540","m","c","m.c",60,60,60,25,25,25,0,0,0,"35","man","white","yes","19019","PA","no"
"629","540",127043,"540","m","c","m.c",32,32,32,-3,-3,-3,0,0,0,"22","man","native_american","no","60601","IL","no"
"630","540",127572,"540","m","c","m.c",107,107,107,72,72,72,0,0,0,"26","man","white","yes","11201","NY","no"
"631","540",126334,"540","m","c","m.c",80,80,80,45,45,45,0,0,0,"21","man","black","yes","60603","IL","no"
"632","540",131798,"540","m","c","m.c",8000,8000,8000,7970,7970,7970,0,0,0,NA,NA,NA,NA,NA,NA,"yes"
"633","544",127004,"544","m","c","m.c",5000,9000,6502,4965,8965,6467,4000,-2498,1502,"35","man","black","yes","90033","CA","no"
"634","544",127339,"544","m","c","m.c",720,420,310,685,385,275,-300,-110,-410,"34","man","black","yes","10116","NY","no"
"635","544",127367,"544","m","c","m.c",3000,5000,80,2965,4965,45,2000,-4920,-2920,"32","man","black","yes","90034","CA","no"
"636","544",127154,"544","m","c","m.c",60,60,60,25,25,25,0,0,0,"35","man","white","yes","90001","CA","no"
"637","544",127274,"544","m","c","m.c",70,NA,NA,35,NA,NA,NA,NA,NA,"37","man","black","yes","85010","AZ","no"
"638","544",127501,"544","m","c","m.c",120,120,120,85,85,85,0,0,0,"34","man","white","yes","90030","CA","no"
"639","544",126970,"544","m","c","m.c",570,570,NA,535,535,NA,0,NA,NA,"35","man","black","yes","85006","AZ","no"
"640","544",127484,"544","m","c","m.c",10,70,NA,-25,35,NA,60,NA,NA,"25","man","white","no","10002","NY","no"
"641","544",126260,"544","m","c","m.c",6000,7500,7500,5965,7465,7465,1500,0,1500,"24","man","white","no","90011","CA","no"
"642","544",126592,"544","m","c","m.c",70,70,70,35,35,35,0,0,0,"39","man","asian","yes","19019","PA","no"
"643","544",131712,"544","m","c","m.c",6,6,6,-29,-29,-29,0,0,0,"32","man","black","yes","16056","PA","no"
"644","544",127149,"544","m","c","m.c",5600,6700,3900,5565,6665,3865,1100,-2800,-1700,"32","man","black","yes","10117","NY","no"
"645","544",126999,"544","m","c","m.c",120,120,120,85,85,85,0,0,0,"33","man","black","yes","90030","CA","no"
"646","544",127573,"544","m","c","m.c",40,35,37,5,0,2,-5,2,-3,"28","man","white","no","10012","NY","no"
"647","544",126228,"544","m","c","m.c",200,247,200,165,212,165,47,-47,0,"44","woman","white","yes","15017","PA","no"
"648","544",127175,"544","m","c","m.c",110,110,8000,75,75,7965,0,7890,7890,"22","man","hispanic","yes","99501","AK","no"
"649","544",126457,"544","m","c","m.c",7875,567,432,7840,532,397,-7308,-135,-7443,"25","man","black white","no","15012","PA","no"
"650","544",126521,"544","m","c","m.c",685,7977,685,650,7942,650,7292,-7292,0,"35","man","black","yes","90003","CA","no"
"651","544",127514,"544","m","c","m.c",290,2000,7000,255,1965,6965,1710,5000,6710,"37","woman","black","yes","90028","CA","no"
"652","544",126227,"544","m","c","m.c",70,70,NA,35,35,NA,0,NA,NA,"35","man","hispanic","yes","80202","CO","no"
"653","544",127365,"544","m","c","m.c",5500,4800,8000,5465,4765,7965,-700,3200,2500,"30","man","black","yes","90031","CA","no"
"654","544",126502,"544","m","c","m.c",6,8,12,-29,-27,-23,2,4,6,"30","man","white","no","90232","CA","no"
"655","544",127374,"544","m","c","m.c",75,75,NA,40,40,NA,0,NA,NA,"35","man","black","yes","19019","PA","no"
"656","544",126993,"544","m","c","m.c",360,360,360,325,325,325,0,0,0,"33","man","white","yes","10118","NY","no"
"657","544",126591,"544","m","c","m.c",111,70,70,76,35,35,-41,0,-41,"39","man","white","yes","19019","PA","no"
"658","544",126778,"544","m","c","m.c",7900,8100,8000,7865,8065,7965,200,-100,100,"35","man","black","yes","19019","PA","no"
"659","544",126429,"544","m","c","m.c",500,8000,8000,465,7965,7965,7500,0,7500,"35","man","hispanic","yes","90001","CA","no"
"660","544",127001,"544","m","c","m.c",5969,8000,5969,5934,7965,5934,2031,-2031,0,"31","man","black","yes","90031","CA","no"
"661","544",132065,"544","m","c","m.c",8000,8000,8000,7970,7970,7970,0,0,0,NA,NA,NA,NA,NA,NA,"yes"
"662","545",131835,"545","aa","c","aa.c",9000,8000,8000,8965,7965,7965,-1000,0,-1000,"31","man","black","no","90028","CA","no"
"663","545",131972,"545","aa","c","aa.c",5500,3545,3840,5465,3510,3805,-1955,295,-1660,"34","man","black","no","90028","CA","no"
"664","545",133507,"545","aa","c","aa.c",50,8000,8000,15,7965,7965,7950,0,7950,"21","woman","black","no","32311","FL","no"
"665","545",132158,"545","aa","c","aa.c",NA,8000,4508,NA,7965,4473,NA,-3492,NA,"35","man","black","no","90028","CA","no"
"666","545",132148,"545","aa","c","aa.c",7000,7000,7000,6965,6965,6965,0,0,0,"33","man","black","no","90028","CA","no"
"667","545",132139,"545","aa","c","aa.c",600,600,600,565,565,565,0,0,0,"35","man","black","no","90029","CA","no"
"668","545",131826,"545","aa","c","aa.c",500,600,500,465,565,465,100,-100,0,"39","woman","black","no","90330",NA,"no"
"669","545",132216,"545","aa","c","aa.c",750,750,750,715,715,715,0,0,0,"34","man","black","no","90330",NA,"no"
"670","545",131925,"545","aa","c","aa.c",60,60,60,25,25,25,0,0,0,"34","man","black","no","90028","CA","no"
"671","545",131821,"545","aa","c","aa.c",3400,1210,8000,3365,1175,7965,-2190,6790,4600,"22","man","black","no","10005","NY","no"
"672","545",136130,"545","aa","c","aa.c",8000,8000,8000,7965,7965,7965,0,0,0,"32","man","black","no","20002","DC","no"
"673","545",131725,"545","aa","c","aa.c",500,1200,800,465,1165,765,700,-400,300,"34","man","black","no","90028","CA","no"
"674","545",131796,"545","aa","c","aa.c",34,34,34,-1,-1,-1,0,0,0,"22","man","black","no","10006","NY","no"
"675","545",131921,"545","aa","c","aa.c",455,455,455,420,420,420,0,0,0,"35","man","black","no","90028","CA","no"
"676","545",132229,"545","aa","c","aa.c",2,800,8000,-33,765,7965,798,7200,7998,"35","man","black","no","90330",NA,"no"
"677","545",132135,"545","aa","c","aa.c",600,600,600,565,565,565,0,0,0,"35","man","black","no","90028","CA","no"
"678","545",131938,"545","aa","c","aa.c",3425,7865,8034,3390,7830,7999,4440,169,4609,"34","man","black","no","90028","CA","no"
"679","545",131693,"545","aa","c","aa.c",600,600,600,565,565,565,0,0,0,"35","man","black","no","90026","CA","no"
"680","545",131825,"545","aa","c","aa.c",9500,NA,NA,9465,NA,NA,NA,NA,NA,"33","man","black","no","90028","CA","no"
"681","545",131811,"545","aa","c","aa.c",32,32,32,-3,-3,-3,0,0,0,"25","man","black","no","10005","NY","no"
"682","545",131924,"545","aa","c","aa.c",3600,4500,3400,3565,4465,3365,900,-1100,-200,"35","man","black","no","90028","CA","no"
"683","545",131897,"545","aa","c","aa.c",8000,8000,8000,7965,7965,7965,0,0,0,"35","man","black","no","90028","CA","no"
"684","545",136146,"545","aa","c","aa.c",8000,8000,8000,7970,7970,7970,0,0,0,NA,NA,NA,NA,NA,NA,"yes"
"685","546",133284,"546","aa","d","aa.d",1350,2700,1350,1315,2665,1315,1350,-1350,0,"29","woman","black","no","71730","AR","no"
"686","546",135747,"546","aa","d","aa.d",10,10,10,-25,-25,-25,0,0,0,"38","woman","black","no","78666","TX","no"
"687","546",131705,"546","aa","d","aa.d",7000,2600,1500,6965,2565,1465,-4400,-1100,-5500,"35","man","black","no","90330",NA,"no"
"688","546",135508,"546","aa","d","aa.d",800,5000,2000,765,4965,1965,4200,-3000,1200,"18","woman","black","no","7017","NJ","no"
"689","546",136132,"546","aa","d","aa.d",200,200,200,165,165,165,0,0,0,"30","man","black","no","90028","CA","no"
"690","546",131721,"546","aa","d","aa.d",33,33,33,-2,-2,-2,0,0,0,"22","man","black","no","10005","NY","no"
"691","546",135784,"546","aa","d","aa.d",2000,12,12,1965,-23,-23,-1988,0,-1988,"33","man","black","no","60641","IL","no"
"692","546",135942,"546","aa","d","aa.d",1000,1400,1500,965,1365,1465,400,100,500,"31","man","black","no","90045","CA","no"
"693","546",133475,"546","aa","d","aa.d",6700,3500,2300,6665,3465,2265,-3200,-1200,-4400,"30","man","black","no","15004","PA","no"
"694","546",132126,"546","aa","d","aa.d",56,56,56,21,21,21,0,0,0,"35","woman","black","no","90028","CA","no"
"695","546",132121,"546","aa","d","aa.d",1500,2500,1800,1465,2465,1765,1000,-700,300,"35","man","black","no","90028","CA","no"
"696","546",131707,"546","aa","d","aa.d",8000,60,60,7965,25,25,-7940,0,-7940,"34","man","black","no","90028","CA","no"
"697","546",132097,"546","aa","d","aa.d",7968,768,1989,7933,733,1954,-7200,1221,-5979,"34","man","black","no","90028","CA","no"
"698","546",131911,"546","aa","d","aa.d",2750,400,420,2715,365,385,-2350,20,-2330,"35","man","black","no","90028","CA","no"
"699","546",136131,"546","aa","d","aa.d",9000,9000,9000,8965,8965,8965,0,0,0,"31","man","black","no","90028","CA","no"
"700","546",136129,"546","aa","d","aa.d",100,100,100,65,65,65,0,0,0,"33","man","black","no","90028","CA","no"
"701","546",132196,"546","aa","d","aa.d",500,500,500,465,465,465,0,0,0,"34","man","black","no","90028","CA","no"
"702","546",131827,"546","aa","d","aa.d",680,2000,2011,645,1965,1976,1320,11,1331,"30","man","black","no","90028","CA","no"
"703","546",131695,"546","aa","d","aa.d",35,35,35,0,0,0,0,0,0,"23","man","black","no","10008","NY","no"
"704","546",132200,"546","aa","d","aa.d",7000,NA,NA,6965,NA,NA,NA,NA,NA,"33","man","black","no","90330",NA,"no"
"705","546",131831,"546","aa","d","aa.d",3000,3500,7800,2965,3465,7765,500,4300,4800,"34","man","black","no","90028","CA","no"
"706","546",132136,"546","aa","d","aa.d",600,600,600,565,565,565,0,0,0,"35","man","black","no","90027","CA","no"
"707","546",131714,"546","aa","d","aa.d",48,48,48,13,13,13,0,0,0,"24","man","black","no","15073",NA,"no"
"708","546",136144,"546","aa","d","aa.d",8000,8000,8000,7970,7970,7970,0,0,0,NA,NA,NA,NA,NA,NA,"yes"
"709","548",131724,"548","aa","d","aa.d",100,5000,450,65,4965,415,4900,-4550,350,"34","man","black","no","90028","CA","no"
"710","548",131716,"548","aa","d","aa.d",7300,2000,2000,7265,1965,1965,-5300,0,-5300,"34","man","black","no","90028","CA","no"
"711","548",131718,"548","aa","d","aa.d",6000,3000,3000,5965,2965,2965,-3000,0,-3000,"32","man","black","no","90025","CA","no"
"712","548",131726,"548","aa","d","aa.d",45,2000,150,10,1965,115,1955,-1850,105,"35","man","black","no","90028","CA","no"
"713","548",134909,"548","aa","d","aa.d",NA,3,10,NA,-32,-25,NA,7,NA,"38","man","black","no","27847","NC","no"
"714","548",131908,"548","aa","d","aa.d",2000,NA,NA,1965,NA,NA,NA,NA,NA,"34","man","black","no","90028","CA","no"
"715","548",135988,"548","aa","d","aa.d",120,90,100,85,55,65,-30,10,-20,"30","woman","black","no","90028","CA","no"
"716","548",131813,"548","aa","d","aa.d",34,34,34,-1,-1,-1,0,0,0,"25","man","black","no","10002","NY","no"
"717","548",133966,"548","aa","d","aa.d",213,4000,4000,178,3965,3965,3787,0,3787,"36","man","black","no","33056","FL","no"
"718","548",135835,"548","aa","d","aa.d",500,1032,1023,465,997,988,532,-9,523,"32","man","black","no","90028","CA","no"
"719","548",135763,"548","aa","d","aa.d",500,200,500,465,165,465,-300,300,0,"35","man","black","no","10001","NY","no"
"720","548",135760,"548","aa","d","aa.d",210,210,210,175,175,175,0,0,0,"20","man","black","no","15064","PA","no"
"721","548",132074,"548","aa","d","aa.d",6272,6272,6272,6237,6237,6237,0,0,0,"29","man","black","no","15097",NA,"no"
"722","548",132205,"548","aa","d","aa.d",0,0,0,-35,-35,-35,0,0,0,"26","woman","black","no","19019","PA","no"
"723","548",132159,"548","aa","d","aa.d",2000,501,1999,1965,466,1964,-1499,1498,-1,"35","woman","black","no","90028","CA","no"
"724","548",132095,"548","aa","d","aa.d",878,675,768,843,640,733,-203,93,-110,"34","man","black","no","90028","CA","no"
"725","548",127492,"548","aa","d","aa.d",5,5,5,-30,-30,-30,0,0,0,"34","man","black","no","90028","CA","no"
"726","548",132233,"548","aa","d","aa.d",800,111,111,765,76,76,-689,0,-689,"34","woman","black","no","90013","CA","no"
"727","548",132138,"548","aa","d","aa.d",600,600,600,565,565,565,0,0,0,"35","man","black","no","90025","CA","no"
"728","548",132078,"548","aa","d","aa.d",600,600,600,565,565,565,0,0,0,"35","man","black","no","90330",NA,"no"
"729","548",132176,"548","aa","d","aa.d",1200,1200,1200,1165,1165,1165,0,0,0,"36","man","black","no","38601","MS","no"
"730","548",136145,"548","aa","d","aa.d",8000,8000,8000,7970,7970,7970,0,0,0,NA,NA,NA,NA,NA,NA,"yes"
"731","550",136372,"550","m","d","m.d",2568,3463,3463,2533,3428,3428,895,0,895,"29","man","black","yes","90032","CA","no"
"732","550",136740,"550","m","d","m.d",270,270,270,235,235,235,0,0,0,"35","man","black","yes","555",NA,"no"
"733","550",132086,"550","m","d","m.d",2000,2000,2000,1965,1965,1965,0,0,0,"33","man","black","yes","90028","CA","no"
"734","550",136403,"550","m","d","m.d",8000,NA,NA,7965,NA,NA,NA,NA,NA,"35","man","white","no","90028","CA","no"
"735","550",136304,"550","m","d","m.d",7000,9000,9000,6965,8965,8965,2000,0,2000,"34","woman","black","yes","90028","CA","no"
"736","550",136796,"550","m","d","m.d",2000,100,3500,1965,65,3465,-1900,3400,1500,"28","man","black","yes","90008","CA","no"
"737","550",136708,"550","m","d","m.d",70,70,70,35,35,35,0,0,0,"33","man","white","yes","90001","CA","no"
"738","550",131937,"550","m","d","m.d",2400,2400,2470,2365,2365,2435,0,70,70,"37","man","white","no","10001","NY","no"
"739","550",136666,"550","m","d","m.d",40,40,40,5,5,5,0,0,0,"25","man","black","yes","90028","CA","no"
"740","550",136729,"550","m","d","m.d",700,700,700,665,665,665,0,0,0,"34","woman","black","yes","90013","CA","no"
"741","550",132237,"550","m","d","m.d",37,37,37,2,2,2,0,0,0,"24","man","native_american","no","90004","CA","no"
"742","550",132154,"550","m","d","m.d",200,200,200,165,165,165,0,0,0,"37","woman","white","no","91331","CA","no"
"743","550",136600,"550","m","d","m.d",1000,3663,1084,965,3628,1049,2663,-2579,84,"26","man","black","yes","10010","NY","no"
"744","550",136711,"550","m","d","m.d",3000,3000,1002,2965,2965,967,0,-1998,-1998,"34","woman","white","no","2111","MA","no"
"745","550",136667,"550","m","d","m.d",30,39,30,-5,4,-5,9,-9,0,"34","man","black","yes","90028","CA","no"
"746","550",131904,"550","m","d","m.d",37,37,37,2,2,2,0,0,0,"25","man","hispanic","no","90005","CA","no"
"747","550",136358,"550","m","d","m.d",3450,3000,3000,3415,2965,2965,-450,0,-450,"33","woman","black","yes","90034","CA","no"
"748","550",136785,"550","m","d","m.d",40,30,20,5,-5,-15,-10,-10,-20,"25","man","white","yes","7001","NJ","no"
"749","550",136370,"550","m","d","m.d",4500,2999,3565,4465,2964,3530,-1501,566,-935,"35","woman","native_american","no","90028","CA","no"
"750","550",132203,"550","m","d","m.d",1000,150,200,965,115,165,-850,50,-800,"28","man","black","yes","90028","CA","no"
"751","550",136800,"550","m","d","m.d",4000,4000,952,3965,3965,917,0,-3048,-3048,"35","man","white","no","75039","TX","no"
"752","550",132239,"550","m","d","m.d",200,100,100,165,65,65,-100,0,-100,"34","man","white","no","90013","CA","no"
"753","550",136748,"550","m","d","m.d",789,4500,4550,754,4465,4515,3711,50,3761,"35","woman","native_american","no","90028","CA","no"
"754","550",136426,"550","m","d","m.d",2700,3000,NA,2665,2965,NA,300,NA,NA,"35","woman","white","yes","90028","CA","no"
"755","550",136354,"550","m","d","m.d",154,154,154,119,119,119,0,0,0,"34","man","white","no","91331","CA","no"
"756","550",136825,"550","m","d","m.d",8000,8000,8000,7970,7970,7970,0,0,0,NA,NA,NA,NA,NA,NA,"yes"
"757","563",132197,"563","m","d","m.d",480,480,480,445,445,445,0,0,0,"27","man","black","yes","15098",NA,"no"
"758","563",137021,"563","m","d","m.d",265,265,265,230,230,230,0,0,0,"34","man","black","yes","15098",NA,"no"
"759","563",137017,"563","m","d","m.d",35,35,35,0,0,0,0,0,0,"34","man","black","yes","90028","CA","no"
"760","563",136753,"563","m","d","m.d",1520,1520,1520,1485,1485,1485,0,0,0,"34","man","black","yes","90035","CA","no"
"761","563",137247,"563","m","d","m.d",15,15,15,-20,-20,-20,0,0,0,"33","man","white","no","501","NY","no"
"762","563",136352,"563","m","d","m.d",879,368,1143,844,333,1108,-511,775,264,"30","man","black","yes","90033","CA","no"
"763","563",137078,"563","m","d","m.d",127,127,127,92,92,92,0,0,0,"33","man","black","yes","19104","PA","no"
"764","563",137074,"563","m","d","m.d",105,105,105,70,70,70,0,0,0,"30","man","black","yes","15077","PA","no"
"765","563",137041,"563","m","d","m.d",320,1030,1050,285,995,1015,710,20,730,"31","woman","white","yes","90027","CA","no"
"766","563",137070,"563","m","d","m.d",96,70,65,61,35,30,-26,-5,-31,"30","woman","white","yes","10001","NY","no"
"767","563",137176,"563","m","d","m.d",40,111,111,5,76,76,71,0,71,"34","man","white","yes","90001","CA","no"
"768","563",137129,"563","m","d","m.d",37,36,36,2,1,1,-1,0,-1,"24","man","native_american","no","10005","NY","no"
"769","563",132223,"563","m","d","m.d",65,60,75,30,25,40,-5,15,10,"25","woman","white","no","10002","NY","no"
"770","563",132212,"563","m","d","m.d",2022,2022,2022,1987,1987,1987,0,0,0,"24","man","white","no","19104","PA","no"
"771","563",137373,"563","m","d","m.d",75,110,120,40,75,85,35,10,45,"30","man","white","yes","10012","NY","no"
"772","563",137130,"563","m","d","m.d",50,50,50,15,15,15,0,0,0,"22","man","hispanic","yes","75001","TX","no"
"773","563",132220,"563","m","d","m.d",454,236,1354,419,201,1319,-218,1118,900,"32","woman","black","yes","90029","CA","no"
"774","563",136754,"563","m","d","m.d",2456,784,784,2421,749,749,-1672,0,-1672,"29","woman","black","yes","90032","CA","no"
"775","563",137045,"563","m","d","m.d",777,767,620,742,732,585,-10,-147,-157,"32","man","black","yes","90080","CA","no"
"776","563",136407,"563","m","d","m.d",56,125,700,21,90,665,69,575,644,"34","man","white","no","90028","CA","no"
"777","563",132199,"563","m","d","m.d",52,52,52,17,17,17,0,0,0,"20","man","black","yes","16087",NA,"no"
"778","563",137046,"563","m","d","m.d",794,110,170,759,75,135,-684,60,-624,"31","man","black","yes","90027","CA","no"
"779","563",136945,"563","m","d","m.d",105,105,105,70,70,70,0,0,0,"37","man","white","no","22958","VA","no"
"780","563",137251,"563","m","d","m.d",50,50,50,15,15,15,0,0,0,"40","man","white","no","20588","MD","no"
"781","563",136159,"563","m","d","m.d",382,382,382,347,347,347,0,0,0,"27","man","black","yes","16098",NA,"no"
"782","563",137902,"563","m","d","m.d",37,37,37,2,2,2,0,0,0,"21","man","hispanic","no","15022","PA","no"
"783","563",137042,"563","m","d","m.d",330,550,100,295,515,65,220,-450,-230,"31","man","black","yes","90027","CA","no"
"784","563",132089,"563","m","d","m.d",332,330,330,297,295,295,-2,0,-2,"31","man","white","yes","90028","CA","no"
"785","563",137914,"563","m","d","m.d",8000,8000,8000,7970,7970,7970,0,0,0,NA,NA,NA,NA,NA,NA,"yes"
"786","564",136956,"564","m","c","m.c",40,40,40,5,5,5,0,0,0,"23","man","black","yes","90001","CA","no"
"787","564",137746,"564","m","c","m.c",38,38,38,3,3,3,0,0,0,"38","man","black","yes","30301","GA","no"
"788","564",132141,"564","m","c","m.c",32,32,32,-3,-3,-3,0,0,0,"22","man","black","yes","10054",NA,"no"
"789","564",136739,"564","m","c","m.c",53,NA,NA,18,NA,NA,NA,NA,NA,"34","woman","black","yes","5689",NA,"no"
"790","564",137685,"564","m","c","m.c",3,3,3,-32,-32,-32,0,0,0,"45","man","black","yes","15053","PA","no"
"791","564",136454,"564","m","c","m.c",8765,8000,5748,8730,7965,5713,-765,-2252,-3017,"26","woman","black","yes","90027","CA","no"
"792","564",137682,"564","m","c","m.c",56,56,56,21,21,21,0,0,0,"39","man","black","yes","15056","PA","no"
"793","564",137374,"564","m","c","m.c",75,200,200,40,165,165,125,0,125,"29","man","white","yes","10012","NY","no"
"794","564",137250,"564","m","c","m.c",5,NA,NA,-30,NA,NA,NA,NA,NA,"25","man","hispanic","no","39901","GA","no"
"795","564",137829,"564","m","c","m.c",52,NA,NA,17,NA,NA,NA,NA,NA,"37","woman","hispanic","no","96162","CA","no"
"796","564",136981,"564","m","c","m.c",35,35,35,0,0,0,0,0,0,"24","man","native_american","no","10007","NY","no"
"797","564",132213,"564","m","c","m.c",147,NA,NA,112,NA,NA,NA,NA,NA,"27","man","native_american asian black hispanic pacific_islander white","no","19104","PA","no"
"798","564",136309,"564","m","c","m.c",99,99,99,64,64,64,0,0,0,"29","man","black","yes","15059","PA","no"
"799","564",137748,"564","m","c","m.c",40,40,40,5,5,5,0,0,0,"32","woman","hispanic","yes","90016","CA","no"
"800","564",136811,"564","m","c","m.c",150,1050,1050,115,1015,1015,900,0,900,"34","man","black","yes","90013","CA","no"
"801","564",136591,"564","m","c","m.c",4500,NA,NA,4465,NA,NA,NA,NA,NA,"22","man","black","yes","15078","PA","no"
"802","564",137175,"564","m","c","m.c",66,66,66,31,31,31,0,0,0,"35","man","pacific_islander","yes","90001","CA","no"
"803","564",137410,"564","m","c","m.c",1500,500,50,1465,465,15,-1000,-450,-1450,"28","man","black","yes","10060","NY","no"
"804","564",136984,"564","m","c","m.c",36,36,36,1,1,1,0,0,0,"24","man","native_american","no","10006","NY","no"
"805","564",137828,"564","m","c","m.c",60,60,60,25,25,25,0,0,0,"40","man","hispanic","no","96162","CA","no"
"806","564",137399,"564","m","c","m.c",32,32,32,-3,-3,-3,0,0,0,"24","woman","white","yes","10024","NY","no"
"807","564",137200,"564","m","c","m.c",115,1100,1100,80,1065,1065,985,0,985,"33","man","black","yes","75216","TX","no"
"808","564",136978,"564","m","c","m.c",38,38,38,3,3,3,0,0,0,"25","woman","black","yes","19019","PA","no"
"809","564",137913,"564","m","c","m.c",8000,8000,8000,7970,7970,7970,0,0,0,NA,NA,NA,NA,NA,NA,"yes"
